District Name,County,Affordability & Value Score,Performance Index Score 2023-2024,Median Home Value,MEDIAN OHIO ADJUSTED GROSS INCOME,Total Local Tax Burden,Total Students
New Bremen Local,Auglaize,240.11212262290007,108.0,232508.21593153392,50926.0,2.143179119329199,809
Kalida Local,Putnam,232.16258035639999,105.4,236275.55151615303,55703.0,2.2911758592073017,599
Fort Loramie Local,Shelby,229.97050958713245,109.2,246087.30005515722,50570.0,2.340309629307549,654
Miller City-New Cleveland Local,Putnam,227.29430887293756,108.2,252114.54183266935,49685.0,2.043393847680763,523
Steubenville City,Jefferson,223.93910250198536,104.0,101746.75053453335,30968.0,2.327129286725027,2845
Versailles Exempted Village,Darke,221.26562378740945,109.5,241494.08432976715,47382.0,2.228494286213632,1243
Ottoville Local,Putnam,212.73938607616603,103.1,235519.79695431472,50191.0,2.2445419380607348,482
Newton Local,Miami,210.55706771074148,100.3,184189.08086925544,46054.0,2.330649278622016,572
Bloom-Vernon Local,Scioto,208.7331659017317,94.4,117468.02490096209,39769.5,2.2831244347834603,793
Marion Local,Mercer,207.5737959337498,111.5,296281.01761252445,52541.5,2.5799977328996166,910
Minster Local,Auglaize,206.57996868421114,107.8,292267.170640305,54433.0,2.3159803786913615,864
Russia Local,Shelby,204.31134047103984,105.3,260047.27272727274,52731.0,2.47316514266774,404
Columbus Grove Local,Putnam,203.6751592210496,99.0,195534.44640720272,43837.0,2.249135493826398,700
New Knoxville Local,Auglaize,201.5177203768465,103.6,217848.92103676914,44893.5,2.075047017230381,386
West Liberty-Salem Local,Champaign,199.7097298767444,99.1,196313.77257799674,46099.0,2.2701758091584656,1132
Antwerp Local,Paulding,198.98728455160287,96.7,149135.9975501455,40255.0,2.4254899414503384,659
Ottawa-Glandorf Local,Putnam,196.5803508174464,97.7,199461.712568239,47517.0,2.129999662920583,1394
Miami East Local,Miami,192.37011655380735,99.4,224775.2120640905,52076.0,2.2907621558876547,1290
St Henry Consolidated Local,Mercer,191.04853233164386,105.5,270704.7991071429,51576.0,2.462563313897674,1014
Arlington Local,Hancock,189.04206809437616,95.7,203137.00176366844,47138.0,2.0722376794193003,588
Arcanum-Butler Local,Darke,185.98587367462153,95.9,179657.76710684274,42054.0,2.227626646400076,1098
Fort Recovery Local,Mercer,183.94154166802304,102.4,278647.8304742684,47004.0,2.0149828189241927,972
Carey Exempted Village Schools,Wyandot,183.66502256804623,86.4,140950.0877770463,41575.0,2.205553433627171,833
Liberty-Benton Local,Hancock,183.61612700469635,99.1,225282.53687315635,52232.0,2.5956636099816377,1505
Chippewa Local,Wayne,183.26569527217185,101.4,195206.76507157207,43873.0,2.518269890247906,1188
Grandview Heights Schools,Franklin,180.33220080345868,105.5,263437.79463004717,69696.0,3.349481266962357,1123
Coldwater Exempted Village,Mercer,180.18583296908778,100.0,225636.08931804466,47876.0,2.326366565784007,1391
Valley Local,Scioto,178.26279713123714,88.2,126569.34257452394,41220.0,2.343492656334303,970
Anna Local,Shelby,178.15381959959836,100.9,251876.65429808287,51417.0,2.3960591815036008,1070
Franklin Monroe Local,Darke,177.9268560855849,95.8,217590.22510291674,41568.5,2.236675241828302,492
Bluffton Exempted Village,Allen,177.8408763926561,100.2,216848.91745602165,46803.0,2.6060268123862547,1134
Northwest Local,Stark,177.4342468928435,99.1,205954.68170351684,45121.5,2.6369261069164134,1642
Wyoming City,Hamilton,177.17707544580063,105.9,327589.5369156837,82462.0,3.1445831450504858,1884
Continental Local,Putnam,176.9584026838854,93.2,190716.08133086876,42691.0,2.335397809343717,464
Anthony Wayne Local,Lucas,176.08256871459278,103.4,284642.56049775175,59500.5,2.586787164851993,3885
Hicksville Exempted Village School District,Defiance,175.5318282279418,101.4,160833.80092021098,40793.0,2.336281798166063,863
Columbiana Exempted Village,Columbiana,175.15972663950956,99.0,185191.5219145875,39932.0,2.2524289397574155,988
Liberty Center Local,Henry,174.7044461604136,100.1,198832.84497805045,43561.0,2.615295790347957,996
West Geauga Local,Geauga,174.00103210105664,108.2,303481.1114477605,54094.0,2.393727541298497,2014
Chesapeake Union Exempted Village,Lawrence,173.91369879697032,83.6,126905.44239194256,38242.5,2.113314255475171,1111
Jackson Center Local,Shelby,173.71043165235608,100.7,237785.84376348727,48232.0,2.4532575262737675,505
Ross Local,Butler,173.22320916818887,96.3,219721.7978100331,50033.0,2.333428749960511,2362
Highland Local,Medina,171.69417223420328,105.1,354962.3510234622,64139.0,2.6785454877175208,3344
Mechanicsburg Exempted Village,Champaign,171.55074288632818,92.8,174214.17102077228,44426.0,2.382522252066652,807
Ayersville Local,Defiance,171.46100313953247,97.5,188425.41537060923,44667.5,2.562664585126553,648
Bethel Local,Miami,170.32649933123903,89.7,115191.81823300861,50237.0,2.5934148957107266,1907
Botkins Local,Shelby,169.85379828059112,100.3,215698.26254826254,47456.0,2.319656441185029,606
Tri-Village Local,Darke,169.55053323517438,100.4,203735.93339176162,40031.0,2.303467701993995,787
Canfield Local,Mahoning,168.67147672263474,104.2,259052.21122931933,52157.5,2.7471769804229424,2433
Spencerville Local,Allen,168.41402983358782,96.6,217297.97938144332,42403.0,2.208017381061148,951
McDonald Local,Trumbull,168.026465281939,96.8,116843.64994663821,39788.0,2.9579354939018505,692
Wheelersburg Local,Scioto,167.9933860044785,92.2,145596.5958445827,41728.0,2.3474019194612166,1518
Dalton Local,Wayne,166.46091877984375,99.0,230758.1480163672,40861.0,2.3074927659226767,879
Ada Exempted Village,Hardin,166.106515868812,90.8,134699.42857142858,35940.5,2.2423312159292323,842
Crestview Local,Van Wert,165.83216402418765,98.0,241861.107500325,43726.0,2.4582324800245194,931
Northwest Local,Scioto,164.81892950408746,85.1,113308.02590819488,37491.5,2.19271821171609,1160
Eastwood Local,Wood,163.98905175450096,98.6,208706.46327033165,46110.5,2.506221555338649,1363
Rocky River City,Cuyahoga,163.38417751220703,110.2,336163.27765225875,59056.0,3.4267843428418177,2590
Norton City,Summit,163.26310347397273,93.8,180951.76740059018,46680.0,2.347761900040312,2122
Springfield Local,Mahoning,162.90615586212647,95.8,179227.20394280163,39052.0,2.281571227790188,882
Seneca East Local,Seneca,162.87968888879024,95.8,221867.80485047208,41661.0,2.282995749248819,757
Symmes Valley Local,Lawrence,162.32248437411948,81.7,132796.17718996285,41001.5,2.2676640862265947,729
Dawson-Bryant Local,Lawrence,161.78461124340714,83.8,107505.47853172907,35986.0,2.2519380199279264,1141
Goshen Local,Clermont,161.2197907979841,91.8,176722.62941345325,41463.0,2.2131894519310427,2680
Revere Local,Summit,160.9471674296033,104.6,396377.9548472776,72192.0,3.0354119542048807,2849
Granville Exempted Village,Licking,160.71380837729455,105.6,373201.39863489405,74760.0,3.165809953262153,2468
Norwayne Local,Wayne,160.1848554989216,98.9,196285.7585481908,41110.0,2.3553054095943176,1265
Mohawk Local,Wyandot,158.56897382537008,95.7,185924.8775510204,43136.0,2.7544805752163306,823
Van Buren Local,Hancock,158.52654838279153,96.3,290471.6615573268,52698.5,2.5761927038917753,1016
Southeastern Local,Ross,158.24259414378687,88.6,129508.37729478793,41685.0,2.447308723527324,905
Perrysburg Exempted Village,Wood,158.1678742094722,102.8,235531.9402933504,61959.0,3.23358852341864,5453
Edgerton Local,Williams,157.97291438183314,94.7,191350.17894422906,40750.0,2.342519874826207,489
Arcadia Local,Hancock,157.77066969240295,93.0,214482.29997186005,42029.5,2.492823780042607,564
South Range Local,Mahoning,157.34493426463305,101.9,241307.3843232757,43550.5,2.8440403264271183,1214
Jennings Local,Putnam,157.33435123225462,93.2,221050.96292037945,49296.0,2.3946647817439564,339
Wayne Trace Local,Paulding,156.9645749583714,91.6,195542.98962243323,41774.0,2.369176294283527,857
Fairfield Local,Highland,156.32680608772566,91.6,180526.79359475477,41628.0,2.2157182560729245,874
Maplewood Local,Trumbull,155.6438322653489,100.8,175536.89290354514,39434.0,2.789046266226891,601
Springboro Community City,Warren,155.39337983983367,99.3,331219.5587839656,72168.0,2.8040187050801726,5766
Fairland Local,Lawrence,155.37217357368738,86.6,159588.23600641784,41992.5,2.2019050558508346,1336
Triad Local,Champaign,155.2840854136113,88.2,181603.6478650501,45488.0,2.2347473215994067,759
Lakeview Local,Trumbull,155.02991296009094,98.6,170889.79345175147,41487.5,2.9243794788103994,1465
Holgate Local,Henry,154.47379986003776,90.4,204052.9019750394,42702.0,2.5300364229292973,391
Pike-Delta-York Local,Fulton,154.20467165256528,94.6,172769.24683179724,41038.0,2.5355203555819688,1101
Centerburg Local,Knox,153.66445428087493,93.7,262047.74647887325,50574.0,2.263250512730206,1010
Three Rivers Local,Hamilton,153.25262328375828,89.6,157103.91529180005,53393.0,2.84317050017117,1914
Crestview Local,Columbiana,153.22544689742685,91.3,166918.5827365247,39747.0,2.2907452418873,1111
Brookville Local,Montgomery,153.04128070685945,94.8,201263.10825423527,44712.0,2.812887270076663,1517
Leetonia Exempted Village School District,Columbiana,152.69666490563398,92.1,125546.37671462027,35859.0,2.5408230302465005,487
Ansonia Local,Darke,152.4527540731935,94.3,209496.89281117855,39309.0,2.266091814286307,795
Brecksville-Broadview Heights City,Cuyahoga,152.03602938891942,106.8,305067.9901477833,58755.0,3.299060746657863,3636
Western Reserve Local,Mahoning,151.78560226872526,96.2,221274.78236049667,43798.0,2.800717150236974,538
Pandora-Gilboa Local,Putnam,151.29126295281398,93.0,242146.31101991964,46231.0,2.0927237466074544,507
Lake Local,Stark,150.95150913527115,101.7,234514.6259533181,47657.5,3.089974507608922,3196
Hardin-Houston Local,Shelby,150.5586832457605,92.7,208240.9766323448,44460.5,2.3275203764820662,681
Minford Local,Scioto,150.53216793717573,82.4,124449.26268781691,41408.0,2.2710901121043716,1179
Leipsic Local,Putnam,150.2872540429647,92.1,205522.08713272546,41811.0,2.4088368522705794,631
West Branch Local,Mahoning,149.67869077694743,93.6,170492.3742251694,38137.0,2.300268295277653,1730
Pleasant Local,Marion,149.42734845853244,89.0,180478.13744511388,42661.5,2.4733992757832493,1238
Cedar Cliff Local,Greene,149.07079344305623,96.3,226414.126984127,41886.0,2.4554682389563607,544
Marysville Exempted Village,Union,148.97242818637164,94.5,182425.28916190588,53974.0,2.85355343909093,5352
Westlake City,Cuyahoga,148.18556137254194,99.9,338867.10561762145,58584.0,2.4892810774688843,3264
Tuslaw Local,Stark,147.78237286369318,98.5,235786.4219846206,46084.0,2.77960828046945,1206
Wapakoneta City,Auglaize,147.61640761592167,89.1,173421.1186665062,42456.0,2.2082661518903057,2827
Loveland City,Hamilton,147.58280128657373,101.9,273918.15745636274,63094.5,3.4863481949934583,4031
Indian Valley Local,Tuscarawas,147.32572878918253,92.6,138909.8277162978,39813.0,2.8116922637838577,1626
Hudson City,Summit,147.07897419790066,106.9,370509.85197711317,82221.0,4.003583412193813,4446
Pettisville Local,Fulton,146.97524348064022,98.2,208316.02411327633,43373.0,2.903981801522409,476
Green Local,Wayne,146.88841634387737,94.7,203260.28762020275,43755.0,2.9006579789553304,1006
Beaver Local,Columbiana,146.80825025639132,92.4,170059.21026846956,40603.0,2.5928359805237964,1665
Riverside Local,Logan,146.72630020334537,84.7,169308.49465954606,41482.0,2.2894349737447706,534
Madeira City,Hamilton,146.6505536753912,106.5,381538.1216564296,84251.0,4.273710724013369,1739
Chagrin Falls Exempted Village,Cuyahoga,146.5462306061515,111.0,420893.3375567522,74839.0,4.114575402855334,1616
Covington Exempted Village,Miami,146.34247527820145,88.7,169216.88641587034,41507.0,2.391288963949465,731
Hopewell-Loudon Local,Seneca,146.04920774521278,97.3,235143.55163553025,43564.0,2.953232184666091,717
Shadyside Local,Belmont,145.9719591224571,90.3,156504.54652255643,41042.0,2.4309022272374325,692
East Muskingum Local,Muskingum,145.8112673923689,96.5,219538.33572169792,44099.0,2.553701046115872,2029
Perry Local,Stark,145.53248848878687,92.0,184146.46768718376,41102.5,2.8577412390510935,4181
Fairbanks Local,Union,145.35560048535118,99.1,330571.0659689316,54235.5,2.750028757447901,1028
Wayne Local,Warren,145.34182996094682,102.4,280174.1154449946,52504.0,3.013164887977428,1503
Kenston Local,Geauga,145.03302888978178,104.8,358269.3575655114,66741.0,3.261635775355407,2513
Green Local,Summit,145.02252867636366,98.7,238747.86256781194,49052.0,2.988433878730875,3807
New Albany-Plain Local,Franklin,144.64923310873877,104.5,409491.5373747244,78376.5,3.615988901681101,4934
Fairlawn Local,Shelby,144.58897963213445,96.0,254933.76623376625,43997.0,2.5236332630824907,511
Georgetown Exempted Village,Brown,144.3829631137948,89.4,178402.98537367262,37536.0,2.2695641021365613,934
Avon Local,Lorain,143.95322154914552,101.8,325242.69479192223,64445.0,3.4350509796604873,4385
Oak Hills Local,Hamilton,143.92033681907174,93.7,136283.078923951,49439.0,2.620660332101548,7235
Bloom-Carroll Local,Fairfield,143.8052010303126,93.0,267553.70626700396,58309.0,2.3711257841566407,2244
Williamsburg Local,Clermont,143.73475682615955,96.0,172804.84914325218,41984.5,2.989441243234546,936
New Riegel Local,Seneca,143.50433317705375,94.9,226155.2781289507,43805.0,2.3778023472522425,390
Lynchburg-Clay Local,Highland,143.5023653036119,90.7,198861.66970757928,39434.0,2.2298417458412625,1002
Forest Hills Local,Hamilton,143.2108362315986,101.5,244288.42165134137,64549.0,3.6385714597099037,6843
Delphos City,Allen,142.54708339783681,93.2,174484.1828188562,41317.0,2.514165921763236,863
Orange City,Cuyahoga,142.49478457689088,105.3,596225.2196280174,93655.0,3.4856256236867207,1987
Aurora City,Portage,142.4032570075692,104.2,356632.79609279614,64578.0,3.76041491810411,2997
Garaway Local,Tuscarawas,142.3130171568744,95.6,189116.7927222722,41447.0,3.030787007182705,1051
Chardon Local,Geauga,142.10811653682342,101.9,241005.59073920266,49529.0,3.2910485949542005,2488
Liberty Union-Thurston Local,Fairfield,142.00094220250426,89.2,218620.2651587514,46929.5,2.3410236469439347,1164
North Canton City,Stark,141.89047346152844,99.7,217873.60741148744,46865.5,3.0698600668837344,4348
Solon City,Cuyahoga,141.6802687793575,111.1,400942.9555822329,65000.0,4.496350167704417,4565
Bay Village City,Cuyahoga,141.57706884520223,106.1,326596.6286353071,70798.5,4.116158247427712,2364
Colonel Crawford Local,Crawford,141.45191311083076,92.7,225394.77351916378,42986.0,2.5690773211277613,886
Ridgewood Local,Coshocton,141.32244007549798,87.0,162805.931283906,38827.0,2.293205610559678,1206
Sycamore Community City,Hamilton,141.0463152811791,105.4,392563.58418019174,70404.5,3.3779636527467223,5849
Tipp City Exempted Village,Miami,141.00182972139845,98.6,216861.43854875286,49644.0,3.5024449693526027,2342
St Marys City,Auglaize,140.54957007275226,86.5,163258.28188979652,43440.5,2.6350326462230993,1884
Valley View Local,Montgomery,140.2568454405871,87.0,193293.53423612437,47564.5,2.3234889534142975,1722
Warren Local,Washington,139.9904142190598,89.7,157695.41652726667,43234.0,2.710804464456786,1972
Indian Hill Exempted Village,Hamilton,139.92730699903692,104.1,809693.1488012066,94710.0,2.243939309720368,2114
Green Local,Scioto,139.79170380220367,83.5,140066.06389391198,40370.0,2.441717247795844,479
Buckeye Local,Medina,139.57686739174133,95.1,258272.89857813387,50867.5,2.98186797692301,2075
Bellevue City,Huron,139.27882606674038,92.0,187027.12917309237,39476.0,2.823032223003493,1737
River Valley Local,Marion,139.08528691583874,87.2,191184.84840835084,41698.5,2.3454122530187123,1838
Clinton-Massie Local,Clinton,138.931198619704,89.6,257425.83781310765,48305.0,2.2439236333870154,1631
Bellbrook-Sugarcreek Local,Greene,138.89928365989778,101.6,290288.6417133575,63971.0,3.381719838294602,2583
Weathersfield Local,Trumbull,138.54188118234103,99.9,124168.17117308921,37434.0,3.3724519886858983,907
Louisville City,Stark,138.37977444724183,94.5,187663.29703550608,43001.0,3.039740945110859,2767
Rittman Exempted Village,Wayne,138.31067535818144,89.5,137463.2006151743,40282.0,3.06612319547423,801
Jackson Local,Stark,137.82466112163476,99.0,312983.68294267316,50163.0,2.7262233253583763,5741
Poland Local,Mahoning,137.72872702579207,97.2,212230.67802755622,48814.0,3.3832412926925426,1730
Benton Carroll Salem Local,Ottawa,137.72190789252758,97.0,256809.10794707545,44311.0,2.9318106307132843,1237
Benjamin Logan Local,Logan,137.52444307101192,91.6,253823.33256816387,47247.0,2.542524093031696,1588
Wauseon Exempted Village,Fulton,137.3068163938225,89.4,156300.45190080776,40291.0,2.877945566094657,1724
Alexander Local,Athens,137.1352889442256,86.1,155100.99189548808,40163.0,2.627117712762275,1403
Graham Local,Champaign,137.12212988495446,83.4,192986.75496688744,44119.0,2.222675063595965,1520
Kirtland Local,Lake,136.8976190973975,102.1,361507.2016534227,55032.5,3.28373375232017,1085
Northmor Local,Morrow,136.6538446329724,90.6,254956.0659599529,41502.0,2.289458790500558,1008
Independence Local,Cuyahoga,136.50783935545562,101.5,372774.2750731578,55956.0,3.117949313465035,1025
Northwestern Local,Wayne,136.18087635865245,90.3,184217.70391324846,40405.0,2.4464198547082012,1241
Huron City Schools,Erie,136.0774414576731,97.3,266809.49318115873,43242.0,2.970334605598992,1155
Riverdale Local,Hancock,135.8980081530169,81.3,189201.9386620054,41465.5,2.0417932116640056,930
Osnaburg Local,Stark,135.8148698591567,83.0,190490.595627564,41946.5,2.2646919026434587,881
Clear Fork Valley Local,Richland,135.77396179250286,88.7,166575.97720097232,40920.0,2.6605223081050866,1522
Strongsville City,Cuyahoga,135.61263974073253,99.8,264437.8447655331,54269.5,3.0573357425319325,5504
Parkway Local,Mercer,135.59137675293488,92.4,249754.11562215252,39466.0,2.2425175074009864,969
McComb Local,Hancock,135.40772242798823,88.1,232983.4305150632,42239.0,2.083675585538881,588
Bradford Exempted Village,Miami,135.37058678533424,77.9,142985.32092487768,41951.5,2.285452261303291,492
Waynesfield-Goshen Local,Auglaize,135.16790225487622,87.4,209495.99054068583,46004.0,2.2230741840743535,472
Keystone Local,Lorain,135.157132197274,89.0,222883.59134688115,47313.0,2.5341913527554087,1464
Nordonia Hills City,Summit,135.13707840692223,96.7,227411.21040723985,52557.0,3.4035776355326064,3293
Buckeye Valley Local,Delaware,134.99023207538238,94.4,352821.5296314011,57791.0,2.2381167554874386,2216
Toronto City,Jefferson,134.80518005559995,83.5,113644.26814756049,37020.0,2.6502938673086818,827
Jonathan Alder Local,Madison,134.6551732817078,94.2,334697.62394669803,52735.0,2.217305392990452,2184
Oakwood City,Montgomery,134.54372259481542,108.2,294238.0261339364,78270.0,5.576864233220199,1993
South Central Local,Huron,134.52673277731552,83.9,184611.97985687782,37837.0,2.2653979595484195,725
Bright Local,Highland,134.30578979537222,87.2,204783.85908512492,35271.5,2.2738700682618385,690
Mason City,Warren,134.258754699039,103.1,345126.5379139133,67860.5,3.469287735987272,9959
Norwalk City,Huron,134.1475972562699,86.7,141359.2906362796,38023.0,2.607777993391897,2435
Fairfield Union Local,Fairfield,133.82779138006143,88.8,201213.1128551157,43960.0,2.457396697289117,1901
Teays Valley Local,Pickaway,133.6126493020669,90.2,218094.30545813526,53336.0,2.232388767530981,4420
Evergreen Local,Fulton,133.3240242164052,96.7,227996.06985280488,44488.5,2.578099230310833,1148
Triway Local,Wayne,133.28876033610717,93.9,209771.72710810945,40876.0,3.054116932775973,1405
Bryan City,Williams,133.2290056810991,89.0,160944.48943439202,37270.0,2.8616947510004263,1747
Manchester Local,Summit,133.13599339321615,96.0,190036.78212290502,47159.0,3.598909547235068,1186
Otsego Local,Wood,133.0640666993189,87.6,212978.64106439092,49002.0,2.3539995975065238,1534
Millcreek-West Unity Local,Williams,133.02677091931528,86.1,181181.87403993856,38229.0,2.3703465061769133,504
Tri-Valley Local,Muskingum,132.98939042593923,91.5,208188.504423389,42754.5,2.6347668724214075,2810
Old Fort Local,Seneca,132.95275080480607,90.8,199134.85853999303,40677.0,2.670140129950291,645
Copley-Fairlawn City,Summit,132.9390932697125,97.6,267689.6212847555,54408.0,3.0569626621027317,2678
Avon Lake City,Lorain,132.86377016263253,102.0,314190.24138042465,61282.0,3.4200111609005592,3489
Paulding Exempted Village,Paulding,132.2888087818244,82.7,144812.5038402458,38540.0,2.410737018075005,1339
Lexington Local,Richland,132.1267751053953,96.1,181795.0618527284,43850.5,3.2421450659345754,2266
Twin Valley Community Local,Preble,132.0833435195191,82.9,188176.642999148,40629.0,2.4879194919127388,741
Milford Exempted Village,Clermont,131.96485653777245,98.1,208607.6074467167,51847.5,3.1484011802675385,5933
Upper Arlington City,Franklin,131.50639973943763,102.3,455193.6405680906,85193.5,3.9168741086158274,6614
Perry Local,Lake,131.47579615331748,93.0,262645.65556473075,46159.0,2.7652355556913686,1469
Fredericktown Local,Knox,131.38281990252275,90.9,209772.63401588635,40273.5,2.621281542242717,1141
Upper Sandusky Exempted Village,Wyandot,131.31376900244544,91.1,170679.8505012753,39865.5,2.2751828447984312,1474
Joseph Badger Local,Trumbull,130.61440849314275,90.0,172020.6578301424,38244.0,2.7829343204544434,584
Monroe Local,Butler,130.21715542584673,94.6,179371.5930225729,52064.0,3.4503622075166893,2691
Eaton Community City,Preble,130.03549467969242,89.7,200976.8089628908,40262.0,2.253453787938736,1785
North Royalton City,Cuyahoga,130.0187839635209,99.8,237537.70533464168,51423.5,3.639008624536002,4034
Bath Local,Allen,129.9950186805598,99.2,183577.94220690042,43482.5,3.015599595851219,1583
Beachwood City,Cuyahoga,129.84467438542814,105.0,465804.9282891023,68991.5,3.6133754139096306,1483
Vanlue Local,Hancock,129.6296287132941,81.5,226005.7801353576,49454.5,2.546798672785678,144
Champion Local,Trumbull,129.5624248583803,94.8,151112.77219430485,40366.0,3.452386398596808,1211
Fayetteville-Perry Local,Brown,129.54697869421997,85.9,248083.18196884324,46714.5,2.232545852877479,718
Montpelier Exempted Village,Williams,129.53056154072834,85.3,144295.91983556014,37506.0,2.418196549672448,777
Lucas Local,Richland,129.3130369406828,88.5,141521.70019086773,41505.0,3.653661094162105,386
Fort Frye Local,Washington,129.23142202966886,91.0,137073.0499258527,35629.0,3.352923380008057,884
Eastern Local,Meigs,129.19561360652045,76.9,134537.23588039866,39238.0,1.9999990750098415,702
Hardin Northern Local,Hardin,128.85230003640717,88.5,236562.2464898596,41439.0,2.323667584890278,365
Madison Local,Butler,128.6801840913559,87.5,194260.78197768875,46918.5,2.656520334588322,1447
Southwest Local,Hamilton,128.50057746651456,89.8,203330.7813101218,47472.5,2.3962156116702977,4089
Clay Local,Scioto,128.1079189520631,81.9,128436.69557279782,38293.0,2.3295178976723743,597
Ottawa Hills Local,Lucas,127.97867849567099,108.3,288882.9827449546,80091.0,6.646744713144348,1030
Buckeye Central Local,Crawford,127.80260269914261,95.6,204729.54186413906,40486.0,3.8186654079326385,650
Carlisle Local,Warren,127.63481424271336,86.2,148364.68146344164,45184.0,2.851940748504763,1519
Jefferson Area Local,Ashtabula,127.58691194267797,84.4,183872.673992674,39828.0,2.367629040773254,1651
Ashland City,Ashland,127.53268841298579,92.1,162188.95653176526,37883.0,3.1937809339147276,2976
Wadsworth City,Medina,127.51966869865382,96.2,193413.24486078587,47363.0,3.4364110255817035,4205
Tuscarawas Valley Local,Tuscarawas,127.31124813589435,92.7,177715.515591008,44071.5,3.1349957818565297,1243
Shawnee Local,Allen,127.26778686442294,96.5,203360.14187467739,47930.0,3.270740364284426,2192
Johnstown-Monroe Local,Licking,127.14159555950444,95.2,360838.3415403869,53993.0,2.5842634557876587,1617
Hillsboro City,Highland,127.05668990893852,90.9,196207.7218999781,35262.5,2.2493356232055928,2193
St Clairsville-Richland City,Belmont,126.77157226454455,93.6,304444.7104482819,44841.0,2.4217599714956592,1594
Austintown Local Schools,Mahoning,126.24109334099391,88.1,142521.46216162815,37137.0,2.582171376527723,4117
Amherst Exempted Village,Lorain,126.09423923559969,92.5,199337.0785799421,46894.0,2.7780026196068106,3578
Washington-Nile Local,Scioto,125.94002511270584,76.3,102798.55527041155,35695.0,2.280564388552436,1127
Blanchester Local,Clinton,125.86574444349534,85.2,178187.47683250354,40442.0,2.3202200104422963,1094
Lincolnview Local,Van Wert,125.78292259192425,93.7,282697.1318786881,41775.0,2.525479501132346,809
Swanton Local,Fulton,125.72695264428437,89.4,191479.70822281166,43124.0,2.7054317161127486,1109
Greeneview Local,Greene,125.55164347708761,88.0,231929.37416003778,45304.0,2.2482829693960995,1232
Patrick Henry Local,Henry,125.3317982098476,94.4,242900.71801941525,41776.0,3.0393709320774045,815
Mariemont City,Hamilton,125.05599171109007,109.2,363019.54630853806,68762.0,5.11995763963255,1497
Elmwood Local,Wood,125.04288686818381,85.7,195995.74711003285,42953.5,2.724454974718078,1153
Little Miami Local,Warren,124.76752920834807,91.6,276132.637091711,60531.0,2.8426319247847585,5229
Big Walnut Local,Delaware,124.75706488368384,93.9,392207.7546882919,64559.0,2.6360971826672452,4101
Archbold-Area Local,Fulton,124.67336839848586,99.4,211074.06920549006,40966.5,3.95686800246259,1119
Cloverleaf Local,Medina,124.57283736647162,95.0,228726.0840042681,45695.5,2.9533408708625077,2261
Woodmore Local,Sandusky,124.22918460186571,88.3,203436.748064324,47932.0,2.984660347287536,948
Pickerington Local,Fairfield,124.16357368944205,90.1,217487.43600330307,53261.0,2.547179866326493,11222
Zane Trace Local,Ross,124.09887280235206,82.3,176346.46947189322,46541.0,2.4880405743442946,1162
Twinsburg City,Summit,124.07250962176322,96.6,269840.01024800166,54132.0,3.9838842795119187,3872
United Local,Columbiana,123.94079635113084,85.3,169124.21034803963,39128.0,2.487638320883876,989
Bethel-Tate Local,Clermont,123.87331795744281,91.4,176206.79856235936,41102.0,2.8612725985035925,1329
Western Brown Local,Brown,123.47702355527647,84.4,169072.87247970674,40424.0,2.217225042685837,2687
Lakota Local,Sandusky,123.44106891512132,84.3,216676.4700688681,41686.0,2.324484470081622,915
Allen East Local,Allen,122.92171445146263,87.5,193024.10864244925,45961.5,2.3768683856323745,1051
Berkshire Local,Geauga,122.85983439687539,85.9,218812.1665655408,41403.0,2.265333810060021,1290
North Union Local School District,Union,122.71988408895287,88.4,234985.7290589452,46395.0,2.5290939215370427,1385
Defiance City,Defiance,122.44513596825249,81.1,122950.2480837972,37143.0,2.8008097641510483,2335
Beavercreek City,Greene,122.24363163398839,97.1,263337.5929163221,61250.5,3.7502079122742975,7765
Bexley City,Franklin,122.10130748170019,100.5,414264.88188195636,80168.0,4.1409348250432725,2524
Columbia Local,Lorain,121.9924109056375,92.5,293669.80495257047,50403.0,2.934112051080786,996
Ontario Local,Richland,121.50294541196536,95.3,202966.89025758673,42507.5,3.6347406206432438,1900
New Lexington School District,Perry,121.05643716118635,79.4,132666.68948563962,37823.5,2.5044207985257017,1734
Greenfield Exempted Village,Highland,120.98163428668765,83.0,170556.75895765473,35458.0,2.23471864524953,1917
Olentangy Local,Delaware,120.97791642977609,103.1,369858.4593680858,82762.5,4.185191241182082,22979
Milton-Union Exempted Village,Miami,120.77743351549026,84.0,156343.603342481,41519.5,2.7766380054344806,1274
Plymouth-Shiloh Local,Richland,120.28107478692543,85.9,143196.07591690175,36450.0,2.647674730544015,644
Central Local,Defiance,120.09040973944806,90.9,211792.36838187865,40097.0,2.5031224844669575,894
Northern Local,Perry,119.94313338067968,88.9,227288.07811207388,46483.0,2.4116425563153463,2181
Rock Hill Local,Lawrence,119.88983518896448,77.2,127667.6674364896,36900.0,2.388743360028675,1280
Mathews Local,Trumbull,119.79400392210917,85.3,183586.42448979593,40531.0,2.9829378650281786,576
Troy City,Miami,119.76893598715905,91.1,188147.2379170803,45610.0,2.693792907822944,3915
Crooksville Exempted Village,Perry,119.76006460572563,70.6,114361.26410835216,39978.0,2.407215555456851,1050
Cardington-Lincoln Local,Morrow,119.56160028253406,80.3,202076.28904084273,42548.0,2.2698231374459934,957
Huntington Local,Ross,119.50226617052793,75.1,109856.41054091539,39688.0,2.2754149230593805,1000
Tallmadge City,Summit,119.47039589977015,89.2,200231.63550397594,45702.0,3.371044535134034,2393
East Palestine City,Columbiana,119.26296391647031,80.4,120588.41512469831,36257.5,2.222624884026535,939
Danville Local,Knox,119.24570163582855,86.8,209474.8307481361,36167.0,2.331535834781464,584
Gibsonburg Exempted Village,Sandusky,119.18614846509581,82.6,176312.5718708536,42327.0,2.5184004654088974,715
Union-Scioto Local,Ross,119.18293247822156,85.7,153133.64926298388,42018.0,2.371174925509147,2019
Clyde-Green Springs Exempted Village,Sandusky,118.9942302778471,88.0,157555.29252146248,38126.0,2.9539512024883274,1952
Eastern Local School District,Brown,118.9664138820568,91.4,259199.0510786567,41324.0,2.308911516186655,1035
Shelby City,Richland,118.8512808755559,89.6,133348.48827809215,37967.5,3.2698483576495914,1809
Plain Local,Stark,118.75506257580746,90.8,195589.4991997944,40381.0,2.2488166869364825,5794
Lakewood City,Cuyahoga,118.7456296351041,94.2,183539.46064193346,49419.5,3.3798677834078403,4313
Talawanda City,Butler,118.6903234972919,88.2,264037.1124490665,42886.5,2.334005098656776,2786
Fairview Park City,Cuyahoga,118.5837914833664,94.7,190401.71794225194,51153.0,4.105041024275801,1428
Felicity-Franklin Local,Clermont,118.45743262955139,85.3,138202.9675959811,39580.0,2.395029587782251,634
Kings Local,Warren,118.2024724731443,96.7,276771.4267235804,55925.0,3.7330607530558133,4845
Napoleon Area City,Henry,118.13280290310462,94.2,170393.4119655467,40065.0,3.4305996121204343,1746
New Lebanon Local School District,Montgomery,118.06803110738096,80.9,137194.3032427695,37529.0,2.361352135432723,1061
James A Garfield Local,Portage,118.01968165447786,89.1,191015.48932175545,39056.5,2.3750910322703525,1180
Cuyahoga Heights Local,Cuyahoga,117.78515870809223,102.7,497921.34599504544,44223.0,3.1601017552006763,771
Monroeville Local,Huron,117.7146470085783,82.3,204843.47278578425,45024.0,2.7395148759367496,548
Crestview Local,Richland,117.58074114892405,86.1,171535.1901012374,40216.5,3.2062257742878955,893
Centerville City,Montgomery,117.39331933009764,95.4,246190.5670981149,57275.0,3.9352873191803415,8075
Jackson City,Jackson,117.32085568345288,88.5,167389.57721667647,39168.0,2.2495204445274255,2217
Loudonville-Perrysville Exempted Village,Ashland,117.22682918509055,87.7,191539.66709149192,37619.5,2.9682238419473865,846
Firelands Local,Lorain,116.99074335637944,91.9,232115.93114096747,45122.5,2.867887756471819,1677
Mentor Exempted Village,Lake,116.58161835526121,93.6,231195.83286484057,48698.0,3.130340352026553,6946
Vinton County Local,Vinton,116.42668915732499,81.1,168586.49463334933,38011.0,2.069999130991278,1662
Brunswick City,Medina,116.41538377967102,91.8,184674.02643801356,47386.5,3.7045127485510534,5825
Mapleton Local,Ashland,116.39002503859426,81.4,191077.92792792793,40714.0,2.3931594909400897,809
Eastern Local School District,Pike,116.29244441588482,82.4,138447.37042392878,36875.0,2.3308998637947473,738
Genoa Area Local,Ottawa,116.26723943570248,89.5,187546.82997118155,47423.0,3.334720307599346,1240
Lebanon City,Warren,116.1341535856972,91.0,250190.80190284597,51219.0,3.083519224679015,4951
Mississinawa Valley Local,Darke,116.10767690382697,88.3,211775.23695670738,35262.0,2.225348813592164,596
Upper Scioto Valley Local,Hardin,115.9709571142331,78.7,200673.33281090824,38757.0,2.2765006990936345,390
Boardman Local,Mahoning,115.92529267670335,93.6,177855.14865652658,38649.5,3.50817856391895,3626
Celina City,Mercer,115.85820984033481,87.9,196888.87951934227,39971.5,2.744659714209057,2619
Lakota Local,Butler,115.68055113124073,94.6,282959.28401008,59421.0,2.817374031355998,17023
New Richmond Exempted Village,Clermont,115.66780566329146,86.1,210453.42441526288,46156.0,2.8110978953295738,1973
Manchester Local,Adams,115.49043433782766,80.8,131527.01807995926,34509.5,2.2254463803120106,662
Edison Local (formerly Berlin-Milan),Erie,115.27855880018687,94.0,213505.05541871922,41009.0,3.5381407920857066,1409
Minerva Local,Stark,115.2409389324895,86.8,165027.2248029647,37879.0,2.803922614248808,1616
Wellston City,Jackson,115.13942755310018,78.8,118566.95582968564,36435.0,2.2209953534666846,1213
Findlay City,Hancock,114.94614135721184,87.0,146232.80976588166,39933.5,2.981025821838388,5280
Wolf Creek Local,Washington,114.93333098180042,84.4,157629.71567267683,42517.0,3.291377401138945,584
Riverside Local,Lake,114.24787910490717,90.5,235615.34060960443,51817.0,2.5835988194841653,4106
Jackson-Milton Local,Mahoning,113.91737983376704,94.3,302451.6857142857,39906.0,2.7041478255285947,761
East Holmes Local,Holmes,113.76301301156657,98.0,263298.34867393516,37946.5,2.288878838461127,1472
North Ridgeville City,Lorain,113.59816271160021,91.6,230101.49398453056,53894.0,2.99097560041568,4443
Maysville Local,Muskingum,113.55161007039682,78.9,174471.58413807274,37447.5,2.3260752664184743,1915
Van Wert City,Van Wert,113.52244032278679,81.1,145419.04214008345,36754.0,2.592797054460588,2007
New London Local,Huron,113.37317126773749,82.9,177015.523465704,39620.0,2.341106128052031,858
Bowling Green City School District,Wood,113.28056554189045,88.1,179503.6676177883,36423.0,2.7796960888485924,2459
Sylvania Schools,Lucas,113.23851785264762,94.1,233063.27866005345,52305.5,3.434834927653316,7826
Medina City SD,Medina,113.09521261849886,95.7,224365.9108913268,51482.0,4.294364144787809,5942
Strasburg-Franklin Local,Tuscarawas,112.79187149050436,86.8,189150.16168917637,42524.5,2.835839613213941,513
Ironton City School District,Lawrence,112.78221369474937,80.8,122668.47313237222,33165.0,2.2494369720160208,1285
Cory-Rawson Local,Hancock,112.63164955694016,77.2,229688.63311517343,44081.5,2.1352974376005722,479
Licking Valley Local,Licking,112.60706486300664,84.1,217186.48545648155,45372.0,2.279960078066381,2009
Yellow Springs Exempted Village,Greene,112.42975747010932,93.7,275416.7209971237,44736.5,3.1596134025559546,598
Northmont City,Montgomery,112.33623470660106,89.0,165034.97089639114,45501.0,3.796935971531045,4644
Miami Trace Local,Fayette,112.14521196717706,90.0,288692.45441795234,40106.0,2.5713795357346645,2293
Southeast Local,Wayne,112.07492515916357,90.2,217021.37344463696,35898.0,3.082621264743665,1189
Olmsted Falls City,Cuyahoga,112.0681874077504,92.7,195630.18400486477,49825.0,4.2699473275033855,3315
Oak Hill Union Local,Jackson,111.81421951669239,82.8,132884.02332361517,36349.0,2.15999895601503,1122
Northwestern Local,Clark,111.77928107054352,82.7,168170.87687035024,41919.0,2.8363223717886945,1541
Western Reserve Local,Huron,111.65077154539817,82.7,180193.70707417585,40927.0,2.3187997694715885,964
Highland Local,Morrow,111.6243500746078,86.6,257610.64977715226,44170.0,2.1176234109656242,1691
LaBrae Local,Trumbull,111.56773076889151,83.7,124846.60246120922,35811.0,2.662869045606623,998
Rootstown Local,Portage,111.53936439374941,85.1,199517.31747097766,45292.5,3.2740946900183885,936
Hubbard Exempted Village,Trumbull,111.18822710932965,85.4,131054.02449224699,37886.5,3.361582895924273,1729
Southwest Licking Local,Licking,111.14060286325996,89.7,285955.8263146145,51011.0,2.5701528622147602,4793
Frontier Local,Washington,111.08862596502134,81.5,131160.90370574463,39063.0,2.40347690114287,527
Margaretta Local,Erie,110.89610173613566,88.6,201474.7342066113,40256.0,3.531446051334761,1053
Mount Vernon City,Knox,110.74250777564278,91.5,186196.0125471849,39012.0,3.0831620142295506,3380
Waverly City,Pike,110.58070399930916,73.4,154940.9482146408,39508.5,2.3340822870655287,1657
Batavia Local,Clermont,110.44866339556624,84.4,164287.85994968502,46158.0,2.827993175438536,2359
Lake Local,Wood,110.38485206065722,84.2,164242.9747207525,43022.0,3.205679140359248,1532
Northeastern Local,Clark,110.35463361672396,82.9,167364.69024195694,45539.5,2.5297511637774077,2950
Edison Local,Jefferson,110.01998364292204,89.1,171133.3165714286,41803.0,3.0514641604434183,1376
Field Local,Portage,109.90456004839497,89.3,231991.01646499988,44877.0,2.8359012581985534,1904
West Holmes Local,Holmes,109.81136833212976,88.1,192730.88461407047,37705.0,2.4068150387725002,1729
South Point Local,Lawrence,109.67521016905526,76.1,153546.67313122094,35797.5,2.2259529036871912,1338
Southington Local,Trumbull,109.64640368206958,88.5,154736.81910157832,38901.0,2.5339929333161764,415
Ridgemont Local,Hardin,109.20648216842359,80.9,253672.25736095966,43108.0,2.296702857210074,449
Sandy Valley Local,Stark,109.1126452296784,86.3,172536.10496830312,38539.0,2.654568171517667,1224
Edon Northwest Local,Williams,109.05150715352276,90.6,234411.92713326943,41035.0,2.2872499938342323,520
Paint Valley Local,Ross,108.99595962462041,77.1,148308.79255164388,39312.5,2.281017094511248,740
Northridge Local,Licking,108.77738802300692,87.4,304387.73595793796,51030.0,2.721091256621746,1148
Marlington Local,Stark,108.71529334554187,85.3,238466.8714225883,40666.0,2.3421720315626873,1825
Adams County Ohio Valley Local,Adams,108.69305686583262,79.9,130850.40220773884,34507.0,2.1002237724269954,3449
Vandalia-Butler City,Montgomery,108.35975994633935,88.7,204124.12109713917,45209.5,3.4601236582544033,2810
Black River Local,Medina,108.23522483569839,87.8,201722.1238938053,42838.5,2.9372338084205847,968
Indian Lake Local,Logan,108.16567900700747,91.2,302080.41856557276,40655.5,2.7405968962099476,1364
Barnesville Exempted Village,Belmont,108.12528273078495,84.2,193414.50760479283,38424.0,2.5537172271819872,1286
Logan Elm Local,Pickaway,107.87638774457653,87.0,248648.63536597008,44872.0,2.5688755157273984,1647
River View Local,Coshocton,107.76134726340989,83.6,208603.93395107813,39667.0,2.3699301681853657,1581
West Muskingum Local,Muskingum,107.56161942265412,86.1,226287.4935446139,40438.5,2.6948995702815037,1588
Canal Winchester Local,Franklin,107.33264146564557,86.2,229863.1309142802,50766.0,3.200674286282058,3658
Tiffin City Schools,Seneca,107.17514224121982,83.0,131072.1685349826,36874.0,3.0196155289679836,2397
Girard City School District,Trumbull,106.92035434271526,81.8,100255.9105889096,33423.5,2.7905211604922173,1510
Mayfield City,Cuyahoga,106.89873265378446,96.0,282961.84067587316,49176.0,4.404919210660452,4032
Howland Local,Trumbull,106.645178123355,91.7,196421.49911816578,40075.0,3.6233362788821313,2359
Crestwood Local,Portage,105.95567858902903,83.5,217342.24905789655,46184.0,2.5844826670905654,1319
Orrville City,Wayne,105.94941107540048,90.0,199025.1680916411,41940.5,3.4003720249269715,1455
Southern Local,Perry,105.7691268885955,72.5,115882.56124181423,36822.5,2.353912480027097,584
Noble Local,Noble,105.61569756409826,84.1,232173.47535505434,41875.0,3.0447867261527586,1050
Stryker Local,Williams,105.58703997828528,84.6,189389.73801285223,40421.0,2.8409609439042853,406
Lowellville Local,Mahoning,105.54161020287648,81.0,135754.20905204187,41173.0,3.34527474857174,442
Adena Local,Ross,105.48779251914956,76.5,169426.1829080011,43265.0,2.411487799716551,1101
Clermont Northeastern Local,Clermont,104.90866197186013,81.4,201877.81967447855,44318.0,2.2584942504172036,1298
Stow-Munroe Falls City School District,Summit,104.82078962403631,89.7,195816.5032246665,50008.0,3.8668014775433983,4981
Northeastern Local,Defiance,104.77755777514714,93.0,250092.14770423903,44501.0,3.4201174916239543,934
Greenon Local,Clark,104.56174508686394,83.2,170881.94839688865,45920.0,3.282403456351087,1551
Midview Local,Lorain,104.50473522423682,90.4,221996.0923805259,45149.0,3.071981722770664,2567
Bridgeport Exempted Village,Belmont,104.24664655660692,81.1,135377.1365383603,35116.0,2.4999970849850324,743
Madison-Plains Local,Madison,103.94775681194253,88.5,294584.96707495995,44957.5,2.517955727714163,1070
Galion City,Crawford,103.72068399658154,78.7,128531.1540901934,35392.5,2.5413881953205593,1516
Oberlin City Schools,Lorain,103.6826969904553,82.1,219416.6020383652,39552.0,2.724611207300498,771
Fairless Local,Stark,103.55523757555427,85.0,200963.8526997515,39204.5,2.913915237021989,1215
Claymont City,Tuscarawas,103.37402754992529,81.0,116167.5434410353,36574.0,2.4209281277965413,1581
National Trail Local,Preble,103.34132385090334,86.3,195344.98680738788,38457.0,2.2559118296143046,868
Lisbon Exempted Village,Columbiana,103.22986681722143,78.1,129992.30224321135,35339.0,2.3092619531068093,706
Elida Local,Allen,103.08754267440892,89.9,178462.20384898453,39419.0,2.7019689428024893,1997
Southeastern Local,Clark,102.6757279434054,86.9,213651.6765285996,42740.0,2.70908910638559,685
Franklin Local,Muskingum,102.29404928556791,79.1,171380.31952633767,39599.0,2.694128899679172,1767
Carrollton Exempted Village,Carroll,102.2256458163187,82.8,207316.7375803851,38343.5,2.457330095269045,1750
Bristol Local,Trumbull,102.03820406257904,87.7,151035.5364442321,31772.0,2.779030711229347,446
Southeast Local,Portage,101.89232979930556,83.9,198059.49518605255,41908.0,2.724669357608638,1396
Hillsdale Local,Ashland,101.85213488376206,90.3,205973.65514242227,42054.0,3.7783369798722495,840
Bellefontaine City,Logan,101.31329344412183,82.2,138428.84332458052,39996.0,3.2199397524362237,2181
Mogadore Local,Summit,101.28109871953093,89.4,173216.85959417134,41760.0,3.5961480214855053,720
Fairfield City,Butler,100.58461139158477,84.3,192003.52712599013,43795.0,2.8179132432851297,8857
Bellaire Local,Belmont,100.07292359046104,88.2,165354.53733343259,35852.0,2.6063338696101166,1119
Madison Local,Richland,99.85513344557422,81.9,123991.04346436562,35244.0,3.420057490614834,2650
Preble Shawnee Local,Preble,99.82420642499928,78.5,176531.10881124873,41977.5,2.20296423635899,1287
Fremont City,Sandusky,99.58805290732359,77.6,151666.27125967245,36282.0,2.3686758035923323,3132
Logan-Hocking Local,Hocking,99.48194332250577,86.0,210179.80686754658,37356.0,2.4427266123959175,3434
Waterloo Local,Portage,99.11065746115122,85.3,202368.40301826267,43026.5,2.654173188413255,806
London City,Madison,98.89451648950575,80.2,214407.07093869214,43310.0,2.318629936214436,1995
Tri-County North Local,Preble,98.823494886188,82.5,200759.70858409884,42588.0,2.9689539604045363,709
Oregon City,Lucas,98.61444203652918,88.4,190703.21027287323,43238.0,3.3571923950064253,3287
New Miami Local,Butler,98.60203908666911,68.5,128224.87734487736,34366.0,2.240634515872141,589
Wellington Exempted Village,Lorain,98.58509666332597,82.0,216962.12811578668,43055.0,2.547294827380191,865
Amanda-Clearcreek Local,Fairfield,98.41547429167046,79.6,209888.07867083218,45720.0,2.2900669398307207,1518
Franklin City,Warren,98.2929014339031,84.5,182383.05205381953,40931.5,3.530114053289933,2553
Vermilion Local,Erie,97.72835196917603,88.3,236152.98525821776,40666.0,3.4011252523511866,1651
Struthers City,Mahoning,97.66616344369291,78.4,105630.12855332247,32982.0,2.904013226302185,1607
Dublin City,Franklin,97.64948911644002,98.0,328852.48870990414,64653.0,4.694718809137523,16149
Perkins Local,Erie,95.83195964328303,86.6,262431.5915355927,41792.0,3.522884532847553,1850
Sheffield-Sheffield Lake City,Lorain,95.81343717055819,85.6,212837.34234605558,43281.0,3.56736152822287,1528
Brookfield Local,Trumbull,95.18211230220443,77.5,118678.1134379827,34808.0,2.669185343670848,962
Southern Local,Meigs,95.1732355885342,77.7,141693.76440092167,36745.0,2.1939422644912168,683
Maumee City,Lucas,94.97889418251408,88.1,191903.0745275242,44143.0,4.504677843850843,2079
Newcomerstown Exempted Village,Tuscarawas,94.51092226939616,80.7,139481.67236954664,35215.0,3.3304566016089554,871
Kettering City School District,Montgomery,94.26535230287077,92.0,171210.23907571536,42893.0,4.840483941823442,7718
Clark-Shawnee Local,Clark,94.15416735334769,85.9,195623.01956686933,43069.0,3.53615077527439,1700
Trimble Local,Athens,93.97655346794134,66.9,85339.60563380281,34375.5,2.370302587978794,730
Licking Heights Local,Licking,93.63029611758321,83.7,228212.2883674654,48460.0,3.2448095662934695,5132
Canton Local,Stark,93.42064976115131,81.8,192612.58950948803,36967.0,2.84006236071429,1779
Brown Local,Carroll,93.41604011458945,79.5,233457.08367854185,39701.0,3.185768807607401,566
Geneva Area City,Ashtabula,93.35548693806568,82.5,186442.3023949805,37288.0,2.3521760773947684,1972
East Knox Local,Knox,93.11311658568309,81.2,330137.6385819964,43984.0,2.497975667768695,898
Coshocton City,Coshocton,92.81341833705454,80.2,118105.65808152505,33666.0,3.131794078755687,1490
Ridgedale Local,Marion,92.0777357851492,78.2,217744.1272812354,43449.0,2.872253479096518,617
Berea City,Cuyahoga,91.27385589261391,85.5,202542.06559693624,43626.0,3.5750704386219043,5189
Heath City,Licking,91.10557215541176,93.1,226305.44885585763,41110.0,3.4121451460295984,1589
Grand Valley Local,Ashtabula,90.7249774479108,78.1,189839.13894324854,33005.0,2.2824681617771563,804
Gahanna-Jefferson City,Franklin,90.71111753712897,88.6,275808.76393504575,56218.0,3.5383677155981688,8093
Lordstown Local,Trumbull,90.49413665054628,97.5,254738.65401913485,38440.5,3.453863646473402,399
Deer Park Community City,Hamilton,90.07261244395042,85.0,161183.80757742494,46743.0,4.111782038463646,1077
Indian Creek Local,Jefferson,90.03300567749092,82.9,160755.09159214073,38606.0,2.6016139991721166,1949
Westfall Local,Pickaway,89.97885199559727,82.6,268281.4746083295,48506.0,2.433771413563905,1288
Madison Local,Lake,89.77569785401447,85.4,190899.55362107037,41754.5,2.416534158408852,2612
Willard City,Huron,89.74968738176703,80.4,166749.19517102616,36251.0,2.7808155128605034,1197
Worthington City,Franklin,89.52722764165581,93.6,279584.9910032885,58731.0,4.833281308501757,10564
Mount Gilead Exempted Village,Morrow,89.4611826037697,82.6,206958.36690424546,41094.0,2.313485239171271,992
Piqua City,Miami,89.36518599925175,81.5,134422.66489711247,38508.0,2.9414054513881447,2911
North Central Local,Williams,89.31295142354078,81.4,224967.95404208198,40369.0,2.899425985984333,559
Berne Union Local,Fairfield,89.16237761552236,85.3,182986.82042833607,42931.0,3.496736151823888,816
Edgewood City School District,Butler,89.03270550131734,79.3,156550.91451471963,45360.0,2.995867477573562,3286
North Fork Local,Licking,88.98329069383523,82.6,219810.06013085748,43020.5,2.282310916984191,1448
Sebring Local,Mahoning,88.94635005306397,78.9,105256.9299779518,34152.5,2.659137038659022,368
Buckeye Local,Ashtabula,88.7506412040973,82.0,149796.09011739923,37650.0,2.894915732661716,1618
Belpre City,Washington,88.5777039985168,79.4,160065.5822271133,34901.0,3.216293386316215,877
Jefferson Local,Madison,88.51685854199967,85.1,250879.15147497517,44291.0,2.9238855622692834,913
Delaware City,Delaware,88.42443284514076,87.2,219865.63648042962,47342.5,3.9073101098805525,5453
East Guernsey Local,Guernsey,88.36336013144988,78.1,282703.03189165576,38144.0,2.291224390009465,1035
Streetsboro City,Portage,87.74834875952389,85.2,230469.8869475848,46498.0,3.2095347617654513,1907
Woodridge Local,Summit,87.45953802087632,83.3,205143.9983217957,43557.0,3.863476455102524,1882
Washington Court House City,Fayette,86.88512953467078,79.6,145647.52360073375,35547.0,2.258804901434821,1853
Morgan Local,Morgan,86.87072814393926,81.3,167568.0318629293,36139.0,2.321841843937164,1625
Westerville City,Franklin,86.55634093596511,89.1,246317.18800519675,51479.0,3.665372594359549,14161
Fayette Local,Fulton,86.37398861748864,81.2,178090.10221889804,38610.0,2.713315143739949,362
Southern Local,Columbiana,86.36276321671971,72.1,160439.90909664796,38707.0,2.6908342709729163,794
North Baltimore Local,Wood,86.14428910050226,80.5,191145.32247413605,39789.0,3.3197626371125764,582
Elgin Local,Marion,85.92984143852448,80.7,182874.06842058006,41387.0,2.8512700469388745,969
Rossford Exempted Village,Wood,85.85762134532247,80.9,183456.8326727555,43519.0,3.5942761980830866,1561
Salem City,Columbiana,85.74773418724556,83.6,137583.80624350774,35954.0,3.0091652768776953,1909
Conotton Valley Union Local,Harrison,85.4222524427009,90.1,321941.8936191132,41912.0,3.048051283174117,493
Scioto Valley Local,Pike,85.39296523655669,73.1,145276.66966157535,36793.0,2.320068980461146,1166
Pymatuning Valley Local,Ashtabula,84.59589516005461,82.3,202147.76933316162,33110.0,2.5193697552056236,1071
Wellsville Local,Columbiana,84.40842928623485,70.1,86762.11790393014,33252.0,2.4270148515217085,643
West Clermont Local,Clermont,84.38937504613591,85.1,168635.92002604608,44640.5,3.2846071620973265,7703
Greenville City,Darke,84.36314385059778,83.4,179504.80517022256,35609.0,2.300050719744993,2332
Rolling Hills Local,Guernsey,84.27147213837517,75.3,194626.98353092646,36983.0,2.556606740753519,1447
Northwood Local Schools,Wood,84.11618733927749,80.2,181482.9565120304,44042.0,4.309106992624842,800
Martins Ferry City,Belmont,84.03864693979561,80.5,145102.03985458464,35938.0,2.611248373142613,1302
Western Local,Pike,83.92528373881268,72.0,136153.8900276268,31637.0,2.301120369456417,674
Wynford Local,Crawford,83.91570871769913,84.4,228689.53775917826,39727.0,2.882804971641272,1051
Union Local,Belmont,83.69619087191069,79.8,243747.37430948886,39981.0,2.4066819996617634,1311
Port Clinton City,Ottawa,83.33503180711642,87.0,446871.8753773699,37795.0,2.4423039747770736,1409
Fairborn City,Greene,82.98863018320101,79.8,142055.9292900855,38107.0,2.8180845400535395,4159
Coventry Local,Summit,82.54116218842313,84.1,209439.5448263949,41108.0,3.412102996959685,1381
Gallipolis City,Gallia,82.23565663338105,78.3,160798.51729015267,35087.0,2.265635539804262,1843
Wooster City,Wayne,82.12014438175046,85.0,195382.81842493915,39741.0,4.195735374383724,3195
Hamilton Local,Franklin,80.65821450068235,83.0,220070.4071230939,39742.0,2.3848628083219876,3123
Newton Falls Exempted Village,Trumbull,80.38706786693885,75.7,116495.2827346078,36319.5,2.9955310069874836,829
Cuyahoga Falls City,Summit,80.31467176557695,80.6,142728.089569161,42891.0,3.5995028033237335,3860
Kenton City,Hardin,79.87548308800218,77.0,167005.65627266135,36257.0,2.3980023724132478,1760
Bucyrus City,Crawford,79.7309988643973,73.2,105264.79335039835,33843.0,3.245353285859895,1032
Miamisburg City,Montgomery,79.69226073694307,83.3,182560.40822561525,44533.5,3.4377287726668446,4829
Danbury Local,Ottawa,79.68985681857002,92.0,840669.1013744852,41318.5,2.2531811917122777,522
Lakewood Local,Licking,79.64463506017556,84.8,315088.36571428576,44308.0,3.020564538541308,1625
New Boston Local,Scioto,79.22824847998847,78.0,144875.83056478406,27242.0,2.967648275174843,356
Dover City,Tuscarawas,79.18732553190816,89.5,179680.73625819467,41955.0,3.393377977935609,2588
Wilmington City,Clinton,79.01522245867348,78.2,218609.20440118495,39764.0,2.239272450460299,2081
East Clinton Local,Clinton,78.63481798354562,81.8,193192.25663716815,40316.0,2.2424567294391053,1120
Zanesville City,Muskingum,78.61324200007726,72.0,149016.24822418627,31300.0,2.6254085154694176,2947
Lancaster City,Fairfield,78.19505238712104,78.7,166305.59359772824,39303.5,2.4463764259872325,6189
Portsmouth City,Scioto,77.9727468575927,65.2,107936.75520459442,29872.0,2.3676394660922813,1542
Reynoldsburg City,Franklin,77.57670321318419,71.4,174687.80904257536,40977.0,2.5691372990412202,7209
Tecumseh Local,Clark,77.40962908679244,79.5,128696.25993454886,39723.0,3.010095404839613,2558
Willoughby-Eastlake City,Lake,76.32248379594601,81.6,184165.75104779867,43729.0,3.875296422877412,6704
Alliance City,Stark,75.72763014215387,72.6,124661.04642736365,31805.5,2.7166562806468715,2862
Ripley-Union-Lewis-Huntington Local,Brown,75.68961209378047,78.1,174060.06481023782,34614.5,2.3566099660687625,698
Athens City School District,Athens,75.68892460035464,86.2,189145.92959961292,33590.0,2.960424212296741,2288
Wickliffe City,Lake,75.58638590513162,75.6,170102.85119401716,42604.0,4.1333520089246205,1266
Walnut Township Local,Fairfield,75.33553913328677,84.9,326582.0813716535,45346.5,2.7980038848003,472
Kent City,Portage,75.30196758518228,87.4,191102.20793676036,34359.0,3.717264670570413,3028
Hamilton City,Butler,75.13411528016915,76.8,128321.04620021793,36031.0,2.2682681369409483,8760
Springfield Local,Summit,75.06135826184902,78.4,177738.63362210768,39011.0,2.989673102684099,1724
North Olmsted City,Cuyahoga,74.86118439861002,85.5,198658.53386618185,45062.0,4.47883381954041,3450
Cambridge City,Guernsey,74.08268348604679,69.7,137447.01185277605,33753.0,2.656028133499694,1809
Caldwell Exempted Village,Noble,73.9940097830838,73.8,150981.99460916442,36824.0,3.224924221042016,756
Hilliard City,Franklin,73.31875658305573,88.2,273038.9094440428,57610.0,4.437995544710286,16007
Cardinal Local,Geauga,73.30210620733197,82.3,203466.83862647106,24759.0,2.5291207976836896,723
Conneaut Area City,Ashtabula,71.52138906553095,78.5,145653.87785097506,34593.0,2.750734729905177,1553
Circleville City,Pickaway,71.18188351426753,76.3,176401.59718756104,38306.5,2.800443922517163,1960
Niles City,Trumbull,71.13147933698598,81.0,99860.88565635761,32464.0,3.123643445927177,1902
New Philadelphia City,Tuscarawas,70.89077493613422,87.9,161896.0076408787,38663.0,3.3267271532832576,3010
Marietta City,Washington,70.48985142695501,75.8,168474.29930031928,37175.5,2.862729605142487,2060
Harrison Hills City,Harrison,70.3630666011542,76.2,282227.19603231415,37911.0,3.0626755389461824,1335
Perry Local,Allen,68.75932365489045,78.6,280192.7738314479,36640.0,2.7139988518684977,668
Princeton City,Hamilton,68.10284081338732,77.2,274399.9547877078,43534.0,3.3972437066023384,5744
Parma City,Cuyahoga,67.49221240076,82.2,155847.96371882086,41201.0,3.862671098829577,8927
Federal Hocking Local,Athens,66.38584007152387,73.6,171557.14285714287,35762.0,2.3173318952453568,814
Springfield Local,Lucas,66.21802075343135,78.5,200345.69188183342,42957.5,3.2860023327088728,3249
Ravenna City,Portage,65.65784750609996,71.3,139234.92852703543,36345.0,2.7841201148383945,1939
Xenia Community City,Greene,64.08074022814814,76.8,177810.0280800281,38278.0,2.9822733058706903,3657
Brooklyn City,Cuyahoga,63.83077791020316,76.0,174292.42452135493,37899.0,4.609674086940028,1026
Northwest Local,Hamilton,63.63247242177537,73.0,167948.66349595343,44466.5,3.22559737972447,7827
Gallia County Local,Gallia,62.421252099953215,75.9,166951.97393822393,35734.0,2.199999611162362,2067
Buckeye Local,Jefferson,62.18773697803409,75.6,206742.36823467593,39350.5,2.544133107951506,1329
Nelsonville-York City,Athens,61.96029680926021,68.3,109819.66315594118,32838.0,2.452675091551964,1034
Switzerland of Ohio Local,Monroe,61.46511516174641,76.7,243925.512696259,38613.0,3.0957865670959492,1940
Richmond Heights Local,Cuyahoga,61.370849576934226,64.9,189157.31461114294,39801.0,4.188506416504035,790
Bloomfield-Mespo Local,Trumbull,61.09601084162591,75.0,160582.11117146479,17177.0,2.54882786406672,208
Painesville City Local,Lake,61.03397662645855,67.2,102124.41010177159,32675.0,3.1715151201280407,2631
Mad River Local,Montgomery,61.01602465932031,76.0,99502.00890498831,35698.5,3.5303117220469153,3719
Shaker Heights City,Cuyahoga,59.999677925072625,85.4,238891.9497504063,53995.0,6.865158423598322,4420
Sidney City,Shelby,57.45431542152676,75.5,165508.85823500084,39208.0,3.0263492743605886,2988
South-Western City,Franklin,57.44073037367696,76.3,201863.98724356026,42178.5,2.7020089943730405,21829
Clearview Local,Lorain,57.043132426372644,67.7,144497.99022270506,31584.0,2.9061885267691,1272
Windham Exempted Village,Portage,56.85307503550968,65.4,124270.42711632287,38137.0,3.051870466430929,484
Liberty Local,Trumbull,56.77925638010809,71.7,153963.55992977077,37248.5,3.3762579568432316,1162
Urbana City,Champaign,56.72468845543788,78.5,151626.38492290123,38945.0,3.1345264831995676,1733
Massillon City,Stark,55.61877090614116,73.7,139081.7277240435,34628.0,3.3679327154612317,4107
Finneytown Local,Hamilton,55.48102951221541,69.0,167735.09171241132,46355.0,4.25652498312107,1154
West Carrollton City,Montgomery,52.449190516833966,72.6,122174.23403469916,38934.5,3.9614474050418647,3246
Meigs Local,Meigs,52.43619945057665,64.8,115460.61705989113,32934.0,1.999999631736133,1585
Huber Heights City,Montgomery,51.21377278179955,72.4,153240.4224537037,41490.0,3.2529858511333463,5798
Fairport Harbor Exempted Village,Lake,50.972522639071535,69.8,164090.8169965294,37683.5,3.7049037192612744,558
Reading Community City,Hamilton,50.799724800586276,77.6,139997.11732794385,40095.0,4.306393923410514,1403
Campbell City,Mahoning,50.63568414457027,70.6,84014.30321056777,29327.0,3.169303164727655,1074
South Euclid-Lyndhurst City,Cuyahoga,49.22652388298287,73.5,182515.2941553705,45304.5,4.911036874181007,3125
Washington Local,Lucas,48.43903726722448,74.0,145700.86142156646,38211.5,4.213596094525776,6711
Barberton City,Summit,48.15508580321824,75.3,125301.4738070918,34355.0,3.5515106877298255,3447
Groveport Madison Local,Franklin,48.10450201517967,69.4,205106.58178108587,39095.0,3.139596231434832,6210
Newark City,Licking,47.43188895821462,77.9,166310.78428647242,36821.0,2.6660010834835886,5672
Whitehall City,Franklin,46.94435550443398,67.4,120944.43585282557,32184.0,3.031792645491875,3344
Chillicothe City,Ross,46.785507561521804,71.6,131489.72435802486,35671.5,2.684406840135872,2533
St Bernard-Elmwood Place City,Hamilton,45.56655399745384,71.9,157591.02069449317,36617.0,4.602055765585974,734
Fostoria City,Seneca,43.281944423650046,68.1,101286.10180309557,34234.0,3.965195496525322,1776
East Liverpool City,Columbiana,41.91569478368214,68.0,86911.41933994924,33501.0,2.6600584169871637,1937
Warren City,Trumbull,41.68417124831711,63.3,75533.49310843472,27540.0,4.1020254519032635,4566
Warrensville Heights City,Cuyahoga,39.8010185019395,64.8,231449.32887422608,29993.0,4.762201180050959,1856
Maple Heights City,Cuyahoga,39.55234005329778,61.4,125006.36003318278,32022.5,4.310289995321375,2988
Norwood City,Hamilton,39.06892846268713,79.7,189658.619782244,42768.0,3.713496388591274,1670
Marion City,Marion,38.847048576386356,63.3,95575.86867819808,33276.5,2.824892948320229,4045
Sandusky City,Erie,37.111806457451365,66.2,161962.40678089418,29618.5,3.541167287174063,3105
Cleveland Heights-University Heights City,Cuyahoga,37.07992906025808,69.2,186694.01358943767,44220.5,5.698132547473947,4811
Ashtabula Area City,Ashtabula,35.48473120547928,63.6,128097.9976216502,32446.0,2.591703812340878,2791
Elyria City Schools,Lorain,34.86361423582246,66.4,146817.57749549721,35435.0,3.4503326580846725,5673
Winton Woods City,Hamilton,34.68391232666488,60.6,156487.13771222776,40216.0,4.037271071121731,3884
Mansfield City,Richland,32.50642085301793,64.8,95017.85837277264,30150.5,4.0410371599891555,3145
Middletown City,Butler,32.018759741191666,64.2,132125.92267815233,34196.0,3.573340002332423,5720
Crestline Exempted Village,Crawford,31.10286432637455,63.8,117949.2448212047,33277.5,3.5152136015273685,560
North College Hill City,Hamilton,27.46731195775273,54.2,112668.51617359272,34517.0,2.57295308878388,1310
Bedford City,Cuyahoga,27.28802324463,63.5,186559.92295619918,36846.0,3.855239161656629,2740
Northridge Local,Montgomery,25.66439986945231,53.0,125787.10288239009,29081.0,4.53259364387024,1649
Lima City,Allen,24.735035731420584,61.3,90966.21798398436,30193.5,2.7584413327881507,3306
Akron City,Summit,24.702477669446754,63.4,118915.48727577196,32347.0,4.924262507452575,19744
Mt Healthy City,Hamilton,24.40947537917922,54.6,128358.45879631386,35758.5,2.9189543782326837,2770
Cincinnati Public Schools,Hamilton,21.183035018122844,66.1,162860.51014153624,39049.0,4.215689099905241,34761
Springfield City School District,Clark,20.317250335048374,58.2,93832.39854536093,31858.0,3.660341223725378,7215
Garfield Heights City Schools,Cuyahoga,18.447380113001095,56.3,125704.98896039838,33771.0,4.900513386453267,2825
Lockland Local,Hamilton,16.727840052820678,50.5,112349.60538701035,32812.5,3.7313163593071788,464
Youngstown City,Mahoning,15.282907834121565,54.0,80898.85302713724,25479.0,4.000224125557829,4569
Trotwood-Madison City,Montgomery,14.793363673195623,52.0,98976.0056791292,31353.0,3.272782050327896,2448
Euclid City,Cuyahoga,14.20674372401917,60.7,124881.28333247037,32942.0,4.144957597828335,4432
Toledo City,Lucas,10.822015851306558,57.9,99645.26981370435,32146.0,3.9419596124679166,20901
Canton City,Stark,10.142443083709802,58.5,113577.82489546174,27504.0,3.5970610106246195,7650
East Cleveland City School District,Cuyahoga,9.645218292767135,50.1,102590.29220779223,25140.0,4.703594041765777,1207
Columbus City Schools District,Franklin,8.151634741095991,57.1,177480.39660181355,39032.0,3.3585063899468937,44996
Cleveland Municipal,Cuyahoga,5.834379907873591,55.8,139221.41604367815,31555.0,4.741586690719279,34598
Dayton City,Montgomery,5.217027684102091,53.3,92372.78061537001,30672.5,3.9692205625539323,12523
Lorain City,Lorain,3.7074471066330923,51.0,111075.90518426432,30763.0,2.7052364194291125,6007
Jefferson Township Local,Montgomery,0.6735927690388227,45.9,138692.87148018583,34509.0,3.0062721367244953,251
