District Name,Comprehensive Value Score,Holistic Performance Score,Cost and Complexity Index,Total Students
Steubenville City,209.71219335899792,0.8787480938492851,0.10177743001049101,2845
Bloomfield-Mespo Local,202.20939125737925,0.5967939486095574,0.03807829774944191,208
Miller City-New Cleveland Local,194.35919349166463,0.9358584451264971,0.1455496808820775,523
Versailles Exempted Village,194.07163870418952,0.9548757624771219,0.153681492616375,1243
New Knoxville Local,191.61323923139696,0.8720436523329251,0.12610038383780003,386
Franklin Monroe Local,190.16222986704318,0.8588928707269529,0.12366702772957207,492
New Bremen Local,189.668841979305,0.9479820401274188,0.15984727767803322,809
Fort Loramie Local,189.37899649322975,0.9717482646317692,0.1706710827787176,654
Fort Recovery Local,188.6420394850093,0.8828184546165079,0.13541374290076919,972
Columbus Grove Local,188.103418969967,0.8813337968906007,0.13581939527298978,700
Dalton Local,187.09555711464446,0.8573925304415063,0.12835345621428398,879
Tri-Village Local,186.1247560749187,0.8410765318670284,0.12382557825937768,787
Bright Local,185.02044505857546,0.7719015951124425,0.1006145707709326,690
Columbiana Exempted Village,184.83117686193722,0.8288209440944616,0.1213968661797557,988
Antwerp Local,183.80629476863157,0.8521074026529741,0.1321976092662219,659
Ottoville Local,181.77664357705228,0.9116091380212047,0.16120192773503858,482
Seneca East Local,181.09680451113283,0.8320579994758001,0.12920776852769492,757
Ansonia Local,181.0727795269836,0.8036582773138501,0.1182201929986419,795
Marion Local,181.01032404740891,0.9853801169590644,0.1974716768267919,910
Spencerville Local,180.9841594675296,0.8302671740778588,0.12870249117881016,951
Arcanum-Butler Local,180.78880555337454,0.8317240485038417,0.1296380532295774,1098
Newton Local,180.50190109985385,0.879546427043218,0.149984409515408,572
Ada Exempted Village,179.91546198364807,0.7558122991740079,0.10245954197932472,842
Springfield Local,179.8423008952312,0.7997700084879434,0.11882242035709605,882
Danbury Local,178.8451554907644,0.8084869609661011,0.12394606684857744,522
Parkway Local,178.22853221419007,0.7919486875743217,0.1185731374816449,969
West Liberty-Salem Local,177.9249058785136,0.8674761089716162,0.15019640975583304,1132
Continental Local,177.81746846534702,0.8312785266010557,0.1350487526524076,464
Minster Local,177.1445866288779,0.9435336732753293,0.18717284993624214,864
Crestview Local,177.04882464208083,0.8659145747159226,0.1513850849746986,931
Bloom-Vernon Local,176.57589870058987,0.7916891635214004,0.12135211073000211,793
Mississinawa Valley Local,175.27049786867917,0.7198817412109313,0.09655073080172098,596
Chippewa Local,175.24273469487127,0.8719080651152668,0.15804048477499236,1188
Russia Local,175.2012897064526,0.9332507250511103,0.18720629987663043,404
Georgetown Exempted Village,174.74600997501162,0.7592147579973142,0.11186856104220207,934
Kalida Local,174.49756375813973,0.9330382613036657,0.1889639843198019,599
Edgerton Local,174.44767259267417,0.7970515845260834,0.12737767892596222,489
Hicksville Exempted Village School District,174.36783638151823,0.802853622272245,0.12991466042125419,863
Norwayne Local,173.47819095285416,0.8122184715398668,0.13556851541505094,1265
Arcadia Local,173.18201551166587,0.8297541363571531,0.14373392871385512,564
Hillsboro City,173.08594204815742,0.7473166155733423,0.11006498594862048,2193
Arlington Local,172.962247874352,0.8132936065395145,0.13705879206709815,588
St Henry Consolidated Local,172.8976669779355,0.9186614916072128,0.18604772316713644,1014
Lynchburg-Clay Local,172.71270431331857,0.765528377166382,0.1178123408694441,1002
Ottawa-Glandorf Local,172.65854762548415,0.8383144694786245,0.14863580280380181,1394
Liberty Center Local,172.31857811407144,0.8657159331707128,0.1619198737959968,996
Northmor Local,171.74136185161103,0.7929429349118053,0.1308323941737464,1008
Cedar Cliff Local,171.53611369256058,0.8143022316610523,0.1404089587051255,544
Cardinal Local,171.39136521270973,0.6349483154018459,0.073152355935461,723
West Branch Local,170.79378588616322,0.7685033199885947,0.12247183809443903,1730
Danville Local,170.78681481981894,0.7310813320939483,0.10762770196756792,584
Wayne Trace Local,170.2759849428625,0.7990104018721963,0.1363413740124468,857
Chesapeake Union Exempted Village,169.85219713552283,0.7215870785608854,0.10551605481990141,1111
South Central Local,169.84667852402308,0.7365442292288834,0.11132393639743361,725
Coldwater Exempted Village,169.67018303022095,0.8559664445080165,0.1636108909387279,1391
Northwest Local,169.4978595057573,0.8783795873717398,0.17491180762601588,1642
McComb Local,168.85674829465452,0.7458935348324212,0.11678045360549731,588
Jackson Center Local,168.76029265850616,0.8589272873370851,0.16725065734414749,505
Leipsic Local,168.7472779256912,0.7945657683615751,0.1375381661680381,631
Carey Exempted Village Schools,168.67653808786812,0.7628800575286455,0.1240969425297442,833
Bluffton Exempted Village,168.55736372058504,0.8761943451804927,0.1762485619577464,1134
Maplewood Local,168.40985678720898,0.8274622350834363,0.15314571510585984,601
East Holmes Local,168.10091585835383,0.7478786918075184,0.11895507323872895,1472
Fairfield Local,168.0109702186255,0.7627934036006282,0.12532594475989237,874
Leetonia Exempted Village School District,167.9484091692164,0.7495492295326014,0.11992182576787508,487
Crestview Local,167.8594555399615,0.7592891849163509,0.12414084081207306,1111
South Range Local,167.72396647105225,0.8776683584638144,0.1791671630579393,1214
Holgate Local,167.34891801054223,0.8109117220558172,0.14788906151005726,391
Fairlawn Local,166.7951809413265,0.8211547988665862,0.15390969681850622,511
Ayersville Local,166.70555171952307,0.8345370434346461,0.1604847102644481,648
Pandora-Gilboa Local,166.67614714315468,0.7767222017835458,0.13396098736028664,507
Goshen Local,166.14000779561636,0.7830213042731042,0.13786523095616202,2680
Millcreek-West Unity Local,165.67578848977217,0.7361331239362293,0.11855728512945927,504
Botkins Local,165.32521115013736,0.8172842244798376,0.155511466030093,606
Hardin Northern Local,164.96664970591505,0.7554612093447113,0.12812665628916536,365
Lincolnview Local,164.67490910462828,0.7953990737474594,0.1466979603867632,809
Anna Local,164.64931932886157,0.865567946376994,0.18122383805841172,1070
Mechanicsburg Exempted Village,164.60013151509918,0.7984405264477822,0.1482857681600562,807
Miami East Local,164.33857062067662,0.8586134804150339,0.17847768775624273,1290
Dawson-Bryant Local,164.11230883289923,0.6972512564230309,0.10553548487532004,1141
New Riegel Local,163.8872959345716,0.7818825256924605,0.14219347451573255,390
Pike-Delta-York Local,163.85525520270045,0.7907755260551713,0.14638746010962222,1101
Greenfield Exempted Village,163.17854567874318,0.6990724536271009,0.10785282463716854,1917
Western Reserve Local,163.00911316454327,0.8395244972186564,0.17223903537219956,538
Ridgewood Local,162.92543121076127,0.7298032329541774,0.12106013211549439,1206
Cuyahoga Heights Local,162.75464949614556,0.8913809595578188,0.2004208455835386,771
West Geauga Local,162.6819755173932,0.8894696528751731,0.1995888313906874,2014
Valley Local,162.36334272521543,0.7545772492073363,0.13303969323119555,970
Eastwood Local,162.3085153751803,0.827842968569962,0.16813513426738044,1363
Hardin-Houston Local,162.19152881344522,0.7770862467707228,0.1437292600896158,681
Mohawk Local,162.15240765115652,0.827457912488523,0.16834314280188198,823
Northwest Local,162.02082708000634,0.6947018303491518,0.10809179488410627,1160
Wheelersburg Local,161.69960386216587,0.7657817182670859,0.13956420396932903,1518
Colonel Crawford Local,161.65605771985366,0.799047823674897,0.15546367529063373,886
Jackson-Milton Local,161.28111972992355,0.7870587047279946,0.1505472912811446,761
Eastern Local School District,161.06733514423456,0.7453679923118252,0.13160057984679394,1035
Riverdale Local,160.74618179815147,0.7014059604029766,0.11312713605948442,930
Hopewell-Loudon Local,160.55703616953295,0.8474199335887797,0.1830127849445089,717
Riverside Local,160.48924688404514,0.7329255733166645,0.12722208062154147,534
Port Clinton City,160.20744186701083,0.7341602065969718,0.12834735786634216,1409
Liberty-Benton Local,159.77409956979082,0.8772226976655734,0.20163634904488445,1505
Eaton Community City,159.7675220139107,0.7331727314651508,0.12880901813298548,1785
McDonald Local,159.66721905675746,0.8119919077992778,0.16691528527534846,692
St Clairsville-Richland City,159.55153139044046,0.7949737295662058,0.15860716825038657,1594
Fairland Local,159.2615228434742,0.7321164567846911,0.1293801313685025,1336
Fredericktown Local,159.21632759445845,0.7743640894673943,0.1492738353664923,1141
Lakeview Local,159.2140478620248,0.8303113680862221,0.17766760223982495,1465
Covington Exempted Village,159.18002658158633,0.7457148984416638,0.13577209826293526,731
Beaver Local,158.93207639493974,0.7798579476619031,0.15263579606288882,1665
Upper Scioto Valley Local,158.92187919248616,0.6944444444444445,0.11355026893977582,390
Pleasant Local,158.65251298722308,0.7733757472912187,0.1501292604780248,1238
Pettisville Local,158.6270623967973,0.8260421932067091,0.1770261943567817,476
Northwestern Local,158.62377488675236,0.7491684623744503,0.1386018324676056,1241
Bellevue City,158.57246744979207,0.8009326644599631,0.1640973913640293,1737
Huron City Schools,158.53545850449876,0.8423644084050302,0.1860553400634303,1155
Ross Local,158.30502728018826,0.8310260525447063,0.18058454898570217,2362
East Muskingum Local,158.17440392432886,0.8058978023742268,0.16768984321953417,2029
Symmes Valley Local,157.88249599512437,0.7163356392335855,0.12511388565008558,729
Old Fort Local,157.7794367526482,0.7702195795720446,0.15066989841572595,645
Delphos City,157.7755324747071,0.7572293021865412,0.14435508347012893,863
River Valley Local,157.67272469379208,0.7511576515266918,0.1416792474873916,1838
Osnaburg Local,157.64014334566255,0.7262441758189513,0.13010267571968756,881
Centerburg Local,157.20237672065696,0.8016446215167883,0.16805436142046318,1010
Twin Valley Community Local,157.07642633311195,0.7420511814767271,0.13869225984124656,741
Van Buren Local,157.01143992046806,0.8568558931203346,0.19867373515608847,1016
Shadyside Local,156.98053338185161,0.7363156662355353,0.13619718518940258,692
Grand Valley Local,156.9796435107603,0.6339153625309426,0.09230665669657868,804
Joseph Badger Local,156.81361535362194,0.7590361216065569,0.14748451643478222,584
Tuslaw Local,156.708410144708,0.831802208764347,0.1855853233991455,1206
Brookville Local,156.65871699277923,0.8291574835726241,0.18427815415248083,1517
Berkshire Local,156.40718018900523,0.7221811428392105,0.13084964277408354,1290
Miami Trace Local,156.355275009531,0.7693321638841111,0.15369619842332777,2293
Benton Carroll Salem Local,156.25289311932102,0.8348676777515004,0.18862119834622382,1237
Canfield Local,156.1661597319578,0.8863054292196172,0.21859365535841335,2433
Green Local,156.069286141343,0.8225777070404271,0.18237965665577494,1006
Triad Local,155.72510421126614,0.7433065480603864,0.14237013071913915,759
Lakota Local,155.69522301382466,0.7242110704492563,0.1333320555510146,915
Jennings Local,155.61409797503535,0.7907349264928215,0.16657692148767456,339
Bryan City,155.55070370279108,0.7725529474524655,0.15733651501861035,1747
Garaway Local,155.395075483185,0.817799539244212,0.18170714185156234,1051
Upper Sandusky Exempted Village,155.2981717989794,0.707168126735688,0.1262818149764694,1474
Montpelier Exempted Village,155.1450636367103,0.6942741417809785,0.12075624193958023,777
Manchester Local,155.08556021368446,0.6300950262093198,0.09381273604136187,662
Central Local,155.04650330612733,0.7322356332939107,0.1385837582166945,894
Jefferson Area Local,154.99819232437167,0.7218974299323779,0.13376992372461408,1651
Wapakoneta City,154.97974472196685,0.7408145489436605,0.14288954600083306,2827
Norton City,154.21345035345325,0.7813287831855754,0.16536756454543783,2122
James A Garfield Local,153.79184325445215,0.7028608355762002,0.1274639088332706,1180
Triway Local,153.64106129227324,0.8117587107484813,0.18348158323045996,1405
Indian Valley Local,153.36575871572725,0.7743443621038518,0.16394435128413312,1626
Ironton City School District,153.33513884404735,0.624216701186817,0.09430614446051327,1285
Clinton-Massie Local,153.2700290598885,0.7693895908412641,0.16159038519725039,1631
Perry Local,153.22662001112528,0.8239876263847624,0.1916316203945585,4181
Southeastern Local,153.21672951673898,0.7299076149929782,0.14166866429434274,905
Indian Lake Local,153.1978339017855,0.7674204068434752,0.16074826579421952,1364
Vinton County Local,153.19088058200973,0.6511154938098757,0.10564802048904702,1662
Evergreen Local,153.02884395894782,0.7736708327895366,0.16448856545381288,1148
Williamsburg Local,152.9782990826444,0.8026059085419391,0.18033054407682778,936
Edon Northwest Local,152.75129058437074,0.6929092498177353,0.1250465698515255,520
Southeast Local,152.72385967676317,0.768236295581111,0.16242762029230215,1189
Talawanda City,152.65890244302506,0.7498861856971285,0.15305058983082578,2786
Bristol Local,152.63842158618345,0.6777828234708472,0.11836675661407083,446
Blanchester Local,152.54019672659794,0.7004588070425957,0.1290219196084099,1094
Paulding Exempted Village,152.52137036585376,0.7000439347368476,0.12886727542704948,1339
Patrick Henry Local,152.39800389660496,0.80247115469701,0.18195579896371575,815
Fayetteville-Perry Local,152.2977029614301,0.7365884232372468,0.14718761615642698,718
Benjamin Logan Local,152.27108708890646,0.793223192268079,0.17718063755806024,1588
Liberty Union-Thurston Local,151.99677601750395,0.7578118549779256,0.15885884666646008,1164
United Local,151.90611643546123,0.7081043578625738,0.1340629281904642,989
Alexander Local,151.87322769163575,0.7423179280933011,0.15114577507203228,1403
Graham Local,151.53701981230014,0.7211892062170211,0.14131297946648066,1520
Green Local,151.44454161454556,0.702640454787829,0.1324660930991274,479
East Guernsey Local,151.44127116847207,0.6688236120657018,0.1167171596189905,1035
South Point Local,151.4128629512375,0.6406634088022208,0.10440879780274454,1338
Clear Fork Valley Local,151.16019935739047,0.7511983899844963,0.15757338823739742,1522
Maysville Local,151.0607550276271,0.6800981854495749,0.12265054956435663,1915
West Holmes Local,150.9194418883675,0.6906693080709942,0.12790711569656127,1729
Norwalk City,150.88803758161063,0.731934364843375,0.1482900120024934,2435
Waynesfield-Goshen Local,150.70058686859934,0.717895279460349,0.14165582233588075,472
Perry Local,150.6583716713115,0.8019446062366048,0.18687760507909804,1469
Loudonville-Perrysville Exempted Village,150.65580848232622,0.7522268813650315,0.1594417778976929,846
Plymouth-Shiloh Local,150.65521966828567,0.6958322204861135,0.1309503568325052,644
Fairbanks Local,150.58071951514103,0.8524890031838543,0.21728112423376103,1028
Tri-Valley Local,150.38069486536497,0.7763473734583278,0.173267957735787,2810
Jonathan Alder Local,150.28756142764726,0.7930583780795564,0.18292211988855378,2184
Marlington Local,150.22347321823182,0.7060942965115253,0.13692166162980454,1825
Lake Local,150.1018331285836,0.8674631538137362,0.22840411306575717,3196
Ridgemont Local,150.00414217103713,0.6992710951723106,0.13407889959876354,449
Fort Frye Local,149.83161745628274,0.7811260968363624,0.17752398870726402,884
Wauseon Exempted Village,149.81477479850028,0.7698145183361532,0.17126701485224063,1724
Fairfield Union Local,149.75941262150997,0.7479404624043507,0.1595427395258809,1901
Greeneview Local,149.74916874143932,0.7219825012940007,0.14602172112528203,1232
Toronto City,149.4619185268234,0.6984988448612185,0.13494040331415713,827
Weathersfield Local,149.0006982220842,0.7929751797020977,0.1867930481428812,907
National Trail Local,148.91141678616182,0.6525805630676952,0.11440228637725765,868
Highland Local,148.71545763906215,0.6963550356050502,0.13560553936263678,1691
Mapleton Local,148.5627638435425,0.6905026208983078,0.13307063955262272,809
Anthony Wayne Local,148.50696138542884,0.8909898594196171,0.2499650473768661,3885
Cardington-Lincoln Local,148.4125341647969,0.6908904043814057,0.1336050552811361,957
Eastern Local School District,148.07218397376826,0.6431129479992926,0.11177249889838363,738
Bowling Green City School District,148.01564979924055,0.7276787343751874,0.15336844520484452,2459
River View Local,147.61332978166698,0.6853700802893172,0.1327151761424166,1581
Clay Local,147.57998473558067,0.65179030685491,0.11672625239258139,597
Rittman Exempted Village,147.38189277671626,0.7678957112989448,0.17726159610185113,801
Cory-Rawson Local,147.28483408645045,0.6730495652050353,0.12742857891164514,479
New London Local,147.2262375338031,0.6680930724805982,0.12516502315750075,858
Pymatuning Valley Local,147.1662658392648,0.6374167149181059,0.1109735450140697,1071
Louisville City,147.155774423621,0.8081370159720681,0.2017546959120935,2767
Minford Local,147.00360936253892,0.6779300821156665,0.1304405930690337,1179
Barnesville Exempted Village,146.99292073163537,0.6925938813740556,0.13777087411865693,1286
Rocky River City,146.96327313897936,0.9465051605469835,0.2959816658960794,2590
Highland Local,146.76571875141545,0.9124457600621928,0.27217322653322146,3344
St Marys City,146.75018938557832,0.7506652082138833,0.1693535558310492,1884
Jackson City,146.7139199175948,0.6696553348851912,0.12704671313775992,2217
Keystone Local,146.63821081371117,0.7617709562768556,0.17597192585106428,1464
Western Brown Local,146.48829033660527,0.6821766296628972,0.13372683470550906,2687
Wayne Local,146.4867121427649,0.8511406608245052,0.2313957174003327,1503
Austintown Local Schools,146.01851214224186,0.7213144604546288,0.155226831607426,4117
Ashland City,146.0143645776056,0.7855812358941144,0.19185837153514684,2976
Eastern Local,145.8615657748972,0.6047871337082736,0.09899260788615728,702
East Palestine City,145.82156515995476,0.6142541931948569,0.1031931250304587,939
New Lebanon Local School District,145.81651032786883,0.6489809063701194,0.1190711106524898,1061
Jackson Local,145.8116686307876,0.8498989775476254,0.23316774504684154,5741
Carrollton Exempted Village,145.6525061133086,0.679363634732093,0.1342692595665034,1750
Elmwood Local,145.65043665361006,0.7425575858872251,0.1679538560004801,1153
Warren Local,145.49436732327237,0.7529420161815056,0.17431122308832167,1972
Rock Hill Local,145.44645362406942,0.6490171833375559,0.119871153449136,1280
Oak Hill Union Local,145.3087290008416,0.6063194409931029,0.10065575837608726,1122
Swanton Local,145.16096776229182,0.7384708144115636,0.1670565092108189,1109
Bradford Exempted Village,145.15499618489198,0.6658054811749351,0.12865556523617697,492
Buckeye Central Local,145.10549208479637,0.8388499619645319,0.22857638911808684,650
Green Local,145.03001531367178,0.8435618976735467,0.23198327766891094,3807
Mathews Local,144.8515425472309,0.7437746636238293,0.17096055117252662,576
Minerva Local,144.7296136825132,0.714572874926478,0.15502296103245003,1616
Bethel-Tate Local,144.60068830109216,0.7419884386117107,0.17067578362673688,1329
West Muskingum Local,144.31500667271135,0.7185892642871062,0.1583491405473585,1588
Johnstown-Monroe Local,144.27809285170133,0.8042752467153668,0.20925861162267467,1617
Independence Local,144.20867606187488,0.8650552201188231,0.2498635245875458,1025
Adams County Ohio Valley Local,144.19572759008216,0.6135190532239304,0.10593500546815093,3449
Celina City,144.13722455605574,0.7338908714741937,0.16741291556239005,2619
Oberlin City Schools,144.12273924234694,0.7032404242274618,0.15050171291785217,771
Valley View Local,143.9323206552025,0.7277627997970005,0.1645344607656591,1722
Kirtland Local,143.85290646024748,0.8741068517178388,0.25769769974993445,1085
Washington-Nile Local,143.83224526122098,0.6124289511867833,0.1061416764357389,1127
Westlake City,143.7790236593679,0.8403717637022304,0.23472904260907745,3264
Van Wert City,143.7277534917712,0.6788642803181673,0.13862702919343958,2007
North Canton City,143.69179439547582,0.8360752558807832,0.2321824741935304,4348
New Lexington School District,143.5514889421072,0.6712689675633152,0.13514113268454883,1734
North Union Local School District,143.54858786342228,0.7373070136042797,0.17108885584802877,1385
New Boston Local,143.53639316695634,0.6220646970988124,0.11114532576125806,356
Buckeye Local,143.50410472675458,0.8264189155608568,0.2264667335587318,2075
Bridgeport Exempted Village,143.38313408920092,0.6313765808996492,0.1158328766304686,743
Clyde-Green Springs Exempted Village,143.3413188442978,0.7323696589899402,0.16886109041116418,1952
Plain Local,143.2965857359594,0.7143244120025066,0.15879720657771057,5794
Logan-Hocking Local,143.16872402751085,0.6817923017303578,0.1415384423482237,3434
Chardon Local,143.1501254279012,0.8516562870514148,0.24496486427228717,2488
Western Local,143.10765824563708,0.5645763397367337,0.08673709384078822,674
Western Reserve Local,143.0131870546884,0.6587410394754015,0.13004360584174238,964
Bath Local,143.0002637981662,0.7718299082219241,0.19337144251026991,1583
Madison-Plains Local,142.98031555869312,0.718117693173105,0.1618045326274342,1070
Bellaire Local,142.9555787732007,0.6565563865375993,0.12907709417790195,1119
New Miami Local,142.74101971598927,0.579663504968383,0.09369387494957378,589
Sandy Valley Local,142.6915479086681,0.6855091230575345,0.1447142515856949,1224
Gibsonburg Exempted Village,142.3447340400349,0.6897477535638384,0.1478875338435425,715
Lisbon Exempted Village,142.21269734846197,0.5996173101920373,0.10344853211605726,706
Buckeye Valley Local,142.18039630405656,0.7880031306867168,0.20632279731332215,2216
Champion Local,141.9141085950569,0.7877938446989211,0.2071343715858908,1211
East Knox Local,141.73572824620078,0.6996994782177581,0.15497201855542345,898
LaBrae Local,141.64132996028036,0.6560062048051026,0.13187504333759456,998
Archbold-Area Local,141.48963411841999,0.8398188545680746,0.24359657763542134,1119
Vanlue Local,141.4540808203619,0.7352790852469928,0.17623249889879825,144
Defiance City,141.38082777002475,0.7015575416427092,0.156988942127229,2335
Wellston City,141.31508214045456,0.6011451559864985,0.10588092157189445,1213
Southington Local,141.18915538405383,0.6541491473199609,0.13199707491868737,415
Yellow Springs Exempted Village,141.1869979252814,0.7746578912349932,0.20130933848400775,598
Lexington Local,141.11374643654423,0.7962693842496796,0.2155511384583628,2266
Cloverleaf Local,141.01154662696308,0.7773765929877628,0.20365884772555365,2261
Felicity-Franklin Local,140.9136293283467,0.6431335424071899,0.1270228509207815,634
Otsego Local,140.8204719128848,0.7238373869593028,0.171407854716322,1534
Crestview Local,140.16870018867948,0.746732884275068,0.18726276585767765,893
Northern Local,140.1018896408518,0.7166272691813443,0.1693358354945903,2181
Columbia Local,139.9038370266876,0.7858578988043746,0.2131788011224768,996
Poland Local,139.62719599146803,0.8273164201095566,0.24257408682603754,1730
Tuscarawas Valley Local,139.49413624425085,0.765754802011516,0.20155722321714184,1243
Firelands Local,139.48560891332215,0.7490878525031958,0.19100041379841823,1677
Brecksville-Broadview Heights City,139.42886938572968,0.8950644038862983,0.293710406423695,3636
Tipp City Exempted Village,139.37623802329412,0.8484957967373273,0.2588579169694078,2342
Fairless Local,139.31006749666224,0.7056659134660777,0.1652775133363961,1215
Geneva Area City,139.30535430151176,0.6301995471435755,0.1241767161440442,1972
Milton-Union Exempted Village,139.1565586050606,0.7065729176220991,0.16626328058821901,1274
Monroeville Local,139.14765720282713,0.7185618976735465,0.17339099244213044,548
Allen East Local,139.11802336466627,0.6891416011719881,0.1563132585593133,1051
Waverly City,139.07629574500427,0.6407977122891602,0.13014247143272326,1657
Madison Local,139.06846408728825,0.7332193750842634,0.18253082566269885,1447
Edison Local (formerly Berlin-Milan),138.95699577344448,0.7866303216825469,0.2172457005092431,1409
Paint Valley Local,138.85527980487328,0.6175518532929974,0.11884908479724815,740
Logan Elm Local,138.7699702310236,0.7096087429520237,0.16921386188034337,1647
Lucas Local,138.67017390346317,0.7886327437835782,0.21969014420979938,386
Stryker Local,138.54699364869668,0.6918627525355071,0.15949676030568516,406
Strasburg-Franklin Local,138.46367070918436,0.7076563863490383,0.16898454456101597,513
Galion City,138.43975483434605,0.6290760344361062,0.12560232366525634,1516
Noble Local,138.0810389855168,0.7311852637747588,0.18449896864171852,1050
Ontario Local,137.83845485760037,0.8045487318659778,0.23395563340222655,1900
Napoleon Area City,137.81939005552852,0.7668613147571017,0.20832363069535942,1746
Shelby City,137.78821142827223,0.7364306590452961,0.18876040053286558,1809
Licking Valley Local,137.64246461095104,0.6782444446195369,0.15425895434049228,2009
Grandview Heights Schools,137.36940965982484,0.9211298911234729,0.3255267331934159,1123
Mount Vernon City,137.33843788667377,0.7393379471541349,0.19213570036839359,3380
Manchester Local,137.11321777342948,0.8174383942257742,0.24619228544810237,1186
Margaretta Local,136.86236741158902,0.7653929288441783,0.2109039447784973,1053
Girard City School District,136.83241940364834,0.6380234565634012,0.13416170834601251,1510
Fremont City,136.81227359763574,0.6293423306946903,0.1296030903440899,3132
Boardman Local,136.64312978521735,0.7797740211355446,0.2215252009090158,3626
Southwest Local,136.6316855137589,0.7270211990829466,0.1867129403156382,4089
Union-Scioto Local,136.6090963645495,0.6588832600032674,0.14616313428771494,2019
Southern Local,136.3437468279839,0.5705536972185486,0.10142128155988017,683
Frontier Local,136.07311106841306,0.6163624199608628,0.12458369587051911,527
Elida Local,135.83639248135822,0.6749033186619328,0.15749004089108473,1997
Southeastern Local,135.74985657673284,0.6829835743750312,0.1625050786974031,685
Canton Local,135.71667577331812,0.6696708785492755,0.154789533478865,1779
Greenville City,135.67352449601918,0.5978851954819683,0.1160624142989285,2332
Bloom-Carroll Local,135.66874289039612,0.76892493082838,0.21787092778319772,2244
Field Local,135.5265414958434,0.7254025156610097,0.18944044436441557,1904
Woodmore Local,135.5083416962281,0.7500381836232258,0.20566192359032387,948
Bethel Local,135.48192233624894,0.7351220492039423,0.1958928904526882,1907
Amherst Exempted Village,135.36375710425824,0.7506155594022021,0.20658604874765416,3578
Black River Local,135.30952243107387,0.7104354150277002,0.18066295861673473,968
Morgan Local,135.11606503275254,0.5924788582598316,0.11457970121492596,1625
Zane Trace Local,135.00668443706945,0.6871270783305716,0.16724649876051403,1162
Revere Local,134.98772329061626,0.9075690101646555,0.3275667592990107,2849
Copley-Fairlawn City,134.65739669120205,0.8097123724299964,0.2513146797890396,2678
Shawnee Local,134.55319165466588,0.786128517657872,0.23449913888588347,2192
Union Local,134.4711686466654,0.6277743356958692,0.1345765680935765,1311
Southern Local,134.39077103663487,0.5841061055546195,0.11197897859530505,584
Northwestern Local,134.3286547407755,0.6947454351040704,0.17405436957642417,1541
Franklin Local,134.23354566025208,0.6644431777178962,0.1560174238134589,1767
New Richmond Exempted Village,134.1176073415745,0.724467589309609,0.1937525890729875,1973
Clermont Northeastern Local,133.94722728906214,0.6404250347390159,0.1429727875209014,1298
Carlisle Local,133.8742915967579,0.7158780292172735,0.18899798583016061,1519
Wellington Exempted Village,133.85169355443404,0.6593143704503741,0.15411184045965934,865
Three Rivers Local,133.67907649057312,0.7700605316493752,0.22662517761337944,1914
Ripley-Union-Lewis-Huntington Local,133.65282783590695,0.5636708971023412,0.10351829392089541,698
Southeast Local,133.50505597448677,0.6762644772837073,0.16527962359082843,1396
Brown Local,133.44602409430595,0.7015166642894499,0.18121469411772972,566
Gallipolis City,133.3070800661177,0.5710460016359022,0.10782609957532614,1843
Northridge Local,133.23716228020422,0.7326697826052117,0.20240908291608598,1148
Strongsville City,133.1630647428099,0.8273338367578051,0.27174720369916877,5504
Lordstown Local,133.15195830649705,0.717994901173106,0.19292272662604557,399
Rolling Hills Local,133.10044904655967,0.6184522241388112,0.1329701636623225,1447
Tiffin City Schools,133.0899361868897,0.6839031170025681,0.17128455940109255,2397
Conotton Valley Union Local,133.0552368950871,0.6987233756774226,0.18074216934977452,493
Nordonia Hills City,133.0077826525855,0.8262775620773454,0.27167547264024267,3293
London City,132.96305060653063,0.6443772249368288,0.1479393070429735,1995
Edison Local,132.96096983376432,0.7080378479844636,0.18706970631939457,1376
Crooksville Exempted Village,132.67722919938248,0.6159220750704848,0.13266051376616594,1050
Hubbard Exempted Village,132.67137771331915,0.7171829057171591,0.1941027479265456,1729
Wolf Creek Local,132.6259478455133,0.7267707242793565,0.20069084664844747,584
Tallmadge City,132.59262327228913,0.7730115634085868,0.23328650089351763,2393
Willard City,132.53584901945678,0.634296824166368,0.143326677142627,1197
Troy City,132.51666761608558,0.7218818862682936,0.1978007766325981,3915
Mount Gilead Exempted Village,132.4066816570661,0.6109163502207309,0.130605549790441,992
Struthers City,132.23271783400884,0.6283439333293735,0.1407603188088388,1607
Portsmouth City,132.1362074751306,0.5288910669379793,0.09015728690195969,1542
Washington Court House City,131.99979273019795,0.568618062786537,0.10941007370867438,1853
Claymont City,131.99018378559768,0.5947314773735431,0.12291170565724935,1581
Marysville Exempted Village,131.98845960476777,0.799000624473965,0.25538511935026303,5352
Brookfield Local,131.92023047491756,0.6033908639990928,0.12772811157320013,962
Northeastern Local,131.8575656780629,0.7512264510753304,0.22064224179946404,934
Perrysburg Exempted Village,131.7953202866188,0.8732574134144254,0.3165030693254573,5453
Wadsworth City,131.77148972773944,0.8015707838511963,0.25837260228361986,4205
Preble Shawnee Local,131.75333664221333,0.6050102418983038,0.12902405113874849,1287
Howland Local,131.59085490983688,0.7573431838326634,0.2261275786739344,2359
Kenston Local,131.5527717405655,0.8723876921656498,0.3171340581282602,2513
Waterloo Local,131.4407387831777,0.6586369688991359,0.16087353653785064,806
Vermilion Local,131.31836416473038,0.7304842626230545,0.2081820337449243,1651
Orrville City,131.22375876931545,0.7356415476677755,0.21215317152580163,1455
Crestwood Local,131.21646168928623,0.6777549012754678,0.17348613820747072,1319
Zanesville City,131.19874621531437,0.5939403541164036,0.1243992417044852,2947
North Central Local,131.19725897746213,0.6631790396758152,0.164415968218141,559
North Royalton City,131.1907909195663,0.8357716767149532,0.28843968582479973,4034
Granville Exempted Village,130.98906709302648,0.9000519965657635,0.3447098215696764,2468
Aurora City,130.94440168555113,0.9007430814237819,0.3456053466886225,2997
Findlay City,130.9283714093258,0.72115279035413,0.20322017217303243,5280
Rootstown Local,130.80782025364977,0.7360047256105978,0.2140552971920446,936
Perry Local,130.55223408753128,0.6128711564344657,0.13648973317418733,668
Huntington Local,130.48804886244224,0.5862854425845584,0.12201190288233932,1000
Teays Valley Local,130.3296772500177,0.7177638759421491,0.2031570102854239,4420
Adena Local,130.28304614172376,0.6305832858226699,0.1474638653166566,1101
Tri-County North Local,129.7888984031202,0.6801832568111973,0.17983443497139204,709
Avon Local,129.76353470505083,0.8786428784377551,0.33305684922638185,4385
Belpre City,129.72077534953215,0.6566187127162512,0.16498099757377763,877
Loveland City,129.6928749619275,0.872612833280065,0.32813444093652244,4031
Newcomerstown Exempted Village,129.42723128466912,0.6694788366426483,0.17410819019041449,871
Lake Local,129.23632701839975,0.7130009740191087,0.20403579647600426,1532
Southwest Licking Local,129.22285429178277,0.7340562749161609,0.2190750411094746,4793
Perkins Local,129.2185386923075,0.7392124151256173,0.22284418186277974,1850
Solon City,128.99143273734984,0.9544306909323255,0.40949490945573963,4565
Milford Exempted Village,128.9451342496249,0.799908495674341,0.27076198804585594,5933
North Fork Local,128.8274796405932,0.6110985810575019,0.1401410790461609,1448
Fayette Local,128.69508989912123,0.6147440143298358,0.14263825516802245,362
Genoa Area Local,128.4725016937656,0.7441063038804933,0.2296278463057113,1240
Coshocton City,128.44010571210433,0.6396861614266209,0.15843773755506776,1490
Midview Local,128.25866407317145,0.7184047227350412,0.21171205998136108,2567
Wynford Local,128.18555907457528,0.647572098189423,0.16417354499325013,1051
Wilmington City,128.1390733430711,0.5863974302017512,0.12789619647249248,2081
Scioto Valley Local,128.07236678073807,0.5602264160905114,0.11385872145131963,1166
Kenton City,127.96440214188607,0.5736561713220384,0.12130840253708608,1760
Avon Lake City,127.92084414991803,0.8421831835080688,0.31176895721737696,3489
Oak Hills Local,127.6778398224496,0.745202761436938,0.23392569364436233,7235
Madison Local,127.5236173091122,0.688617502322332,0.1935930778858622,2650
Wyoming City,127.50808117891764,0.905232186733676,0.37202806187495757,1884
Beachwood City,127.49063152443942,0.8744311641870208,0.34325392286305734,1483
Hillsdale Local,127.4501925117282,0.7439279452806457,0.23396657928617437,840
Amanda-Clearcreek Local,127.44273218019755,0.6256093764499843,0.1527985184287063,1518
Monroe Local,127.2894063072779,0.7866035443224321,0.2682873869089241,2691
Bellbrook-Sugarcreek Local,127.12349006946685,0.8394381210815487,0.31397286407676817,2583
Sebring Local,126.92156946754515,0.5662370453471943,0.1198069845619217,368
Chagrin Falls Exempted Village,126.71611517537613,0.9318587779368425,0.40372159390099877,1616
Springboro Community City,126.65984690640606,0.857881657099211,0.3332885207385307,5766
Indian Creek Local,126.65537087172807,0.6118665761169318,0.146762270360835,1949
Big Walnut Local,126.63852651122201,0.7927818540647512,0.2766965007493013,4101
Martins Ferry City,126.61454371775449,0.5851332921596699,0.13114357187282352,1302
Ridgedale Local,126.5435314114682,0.6577656524571062,0.17622698173031015,617
Vandalia-Butler City,126.44673769051667,0.7463858392497748,0.24037140444373237,2810
Athens City School District,126.44346649393239,0.6198975997047133,0.15230031257753032,2288
Twinsburg City,126.31238693059406,0.8436390519942424,0.322509168822845,3872
Lebanon City,126.29265218540921,0.7656834139566732,0.25631648977684,4951
Lowellville Local,126.29041660710823,0.6876084605144297,0.19755008205082322,442
Mentor Exempted Village,126.10857985216295,0.7734677297539588,0.2635125548024007,6946
Hamilton Local,126.06986070004729,0.6069906595921234,0.14552063253919736,3123
Mogadore Local,125.66092350296584,0.7141623252156433,0.2193282174596648,720
Northeastern Local,125.6419232541204,0.6573414531111168,0.17908672776206128,2950
Sycamore Community City,125.49289890645036,0.8843329285667244,0.36564712355754175,5849
Riverside Local,125.30200766556139,0.7108201933182299,0.21835579267617464,4106
Jefferson Local,125.26107168919984,0.6648794778042705,0.18558431299368314,913
Heath City,125.21291914094962,0.6995365370133994,0.21038514474693668,1589
Southern Local,125.04169310075956,0.600735494364784,0.14472557820818552,794
Madison Local,124.80282677803154,0.6122455544699824,0.15254512965988581,2612
Batavia Local,124.47664778355814,0.6780653915424151,0.19778745112970111,2359
Buckeye Local,124.44498703639636,0.6226721668930073,0.160287634001136,1618
Bellefontaine City,124.39665225818473,0.67628420464725,0.19682660972490149,2181
East Clinton Local,124.15493678180741,0.5601943228225336,0.12334554058746738,1120
Franklin City,124.12034757945128,0.7126976726441884,0.2248645984168537,2553
Indian Hill Exempted Village,123.97142461001911,0.8726269332732094,0.36468748948781343,2114
Lakewood City,123.80022305972321,0.7600690744774602,0.26414261396278066,4313
Westfall Local,123.5834804249488,0.6374778752167275,0.17291271011217277,1288
Bay Village City,123.32171889265075,0.8954555040244999,0.392017967355603,2364
Harrison Hills City,123.26882694627122,0.6327144177118676,0.1708004809482778,1335
Sheffield-Sheffield Lake City,123.0173080859994,0.7128593427446873,0.22990001479555622,1528
Fairview Park City,122.91309206416223,0.7959554384321739,0.29983925602655115,1428
Brunswick City,122.86932336660543,0.7832642787221321,0.2888820523833056,5825
Forest Hills Local,122.73878786074874,0.8649944765065664,0.3657155355176233,6843
North Baltimore Local,122.47764581440256,0.6575976605089345,0.19089244021059157,582
Salem City,122.46290108218719,0.6168650910298924,0.16298651912901177,1909
Lakewood Local,122.32811869821685,0.6660663226302012,0.19757277656986857,1625
Alliance City,122.06907159538353,0.5658914439928405,0.13219258586705865,2862
Oregon City,122.00728128852114,0.7050797662286797,0.2283881653160146,3287
Greenon Local,122.00191853175151,0.6966982083934204,0.2218929308038459,1551
Kings Local,121.95838943074769,0.8121436279344655,0.320263888233384,4845
Walnut Township Local,121.92437782511128,0.6366417035337294,0.17822001589953143,472
Northmont City,121.84027352306168,0.7646341892727859,0.27833113087516487,4644
Little Miami Local,121.81233332117118,0.7685806132047454,0.2819128681145595,5229
Trimble Local,121.80349902412632,0.5139781102783446,0.10366673503363766,730
Federal Hocking Local,121.70484652050102,0.519109207216395,0.10662265939543808,814
New Albany-Plain Local,121.42317319733522,0.8983689750855562,0.409428709247897,4934
Elgin Local,121.3657626116453,0.6196166141995401,0.1685402838368273,969
Cambridge City,121.18198359950524,0.5557266663380317,0.1285857274110759,1809
Canal Winchester Local,121.10780334719023,0.7300119633601535,0.2527863553686483,3658
Mayfield City,120.94799913501488,0.8170435607461042,0.33123815200399737,4032
Pickerington Local,120.79456970102815,0.7541933379611616,0.2749537243828798,11222
Clark-Shawnee Local,120.70656100471469,0.697234845714592,0.2281284680130334,1700
North Ridgeville City,120.54538113756684,0.7324851021576911,0.2577010211543543,4443
Wellsville Local,119.89268365085893,0.5029410228685559,0.1020755678289444,643
Mason City,119.81576735805139,0.8695138147271338,0.39151176060911314,9959
Olmsted Falls City,119.20103558076775,0.7929265242033665,0.3194522116619693,3315
Fairfield City,119.08870073989758,0.696674886583864,0.23522987675813445,8857
Piqua City,118.91082760125362,0.6188611912832512,0.17677098169846403,2911
Sylvania Schools,118.77689887508376,0.7762736746881905,0.3064243620915393,7826
Madeira City,118.22792284977035,0.9165975977450248,0.45600325828973426,1739
Conneaut Area City,118.21443176238931,0.5554213657103523,0.1367833022073952,1553
Hudson City,118.20193913131575,0.9101427639879004,0.448886206581717,4446
Medina City SD,118.00455954023033,0.8139038037353686,0.3477724326657425,5942
Coventry Local,117.96629141520441,0.6570449239418591,0.20882783365396548,1381
Berne Union Local,117.65900378036287,0.6673481551114403,0.2182649487716087,816
Orange City,117.63109102336729,0.9016944184836212,0.4442812984410954,1987
Mariemont City,117.38460306373955,0.9009598677661396,0.44559382590869223,1497
Bucyrus City,116.55350188217449,0.5879477307614139,0.1635753542460718,1032
Kent City,116.46607385785157,0.6539294946804893,0.21296044870775419,3028
Beavercreek City,116.45821359770024,0.8210403616386445,0.3660353441159843,7765
Streetsboro City,116.42140720154863,0.6650011039242395,0.22203107998666508,1907
Newton Falls Exempted Village,116.10216838653251,0.5740768098936395,0.15559735167996888,829
Centerville City,115.95713612953347,0.8154854820409692,0.36392816977630144,8075
Gallia County Local,115.86681529039686,0.4962479539436815,0.1077754408558899,2067
Fairborn City,115.3823776108321,0.5992634929610815,0.17587267863474018,4159
Berea City,115.04616763111694,0.7006745874451439,0.2591194279546793,5189
Stow-Munroe Falls City School District,115.00492930239355,0.7501395267978327,0.30499915102802766,4981
Springfield Local,114.92158812819488,0.5934964274068713,0.1734189236451886,1724
Maumee City,114.81791113920194,0.7457113039956503,0.30192055091291087,2079
Woodridge Local,114.66366844435369,0.6925567373622646,0.25400560919332155,1882
Licking Heights Local,114.23743978074911,0.6931978619460665,0.2568507450301421,5132
Caldwell Exempted Village,114.21075527376097,0.5891689585258507,0.17294052735477516,756
Circleville City,113.98397762507602,0.5687487718274628,0.15917910411024352,1960
Marietta City,113.84297611976164,0.5682566063055642,0.15932730781253787,2060
Rossford Exempted Village,113.51009173434265,0.6614388690293643,0.23301252774394896,1561
Oakwood City,112.94903989849867,0.9285802559487998,0.5214619092856588,1993
Lancaster City,112.5804293039633,0.5776289559277484,0.1706360325079265,6189
Upper Arlington City,111.9140805474211,0.8806563953393622,0.4718371284763252,6614
Wooster City,111.76237313028854,0.6926281254171073,0.27012222159401683,3195
Lakota Local,111.72185845519222,0.7848972010326684,0.3630614160445896,17023
Buckeye Local,111.3315414107535,0.5299988970859094,0.14141704390671558,1329
Bexley City,111.2428220589425,0.8450967934645801,0.43518638747263233,2524
Niles City,111.06305673766002,0.5494084594100005,0.1557735322094722,1902
Edgewood City School District,110.83818786244389,0.6220747859595787,0.2127477810552477,3286
Dover City,110.49800568215198,0.6289640257741477,0.22015660381898075,2588
Clearview Local,110.4069729732364,0.5121569130742746,0.13240934444124972,1272
Nelsonville-York City,110.13058209964322,0.4669258439018464,0.1049596290894859,1034
Switzerland of Ohio Local,109.70135416411244,0.5758784186296214,0.1805834011567082,1940
Deer Park Community City,109.45099633030186,0.6872992539782015,0.2787328642608122,1077
Northwood Local Schools,109.28624417894319,0.6861080865573578,0.27858157724992844,800
Delaware City,109.07871702630305,0.7063509542673331,0.299822771126896,5453
Kettering City School District,108.97275950595657,0.7641358407986695,0.3614622405564263,7718
Reynoldsburg City,108.89380449527818,0.5883014090969149,0.19382218933848583,7209
Ottawa Hills Local,108.46103970966661,0.9453953311462939,0.595436150547297,1030
Tecumseh Local,108.17681337119132,0.5723011956524814,0.18407736985296622,2558
Ravenna City,108.03289840277411,0.5257049777706663,0.14947165151616856,1939
Hamilton City,107.67336109095731,0.5430135022207784,0.16347106324440344,8760
New Philadelphia City,106.9799799287205,0.5908479478289143,0.20457319185605335,3010
Miamisburg City,105.81333755887808,0.6358691417601019,0.2509356485966306,4829
West Clermont Local,105.74862256219188,0.6473052463490193,0.26226377362928993,7703
Xenia Community City,104.97857772451336,0.5554410930738948,0.18412635083785012,3657
Cuyahoga Falls City,104.94198573857041,0.6272922590347368,0.24775652269527682,3860
Gahanna-Jefferson City,104.91757619580224,0.7097407357236686,0.33232294447074423,8093
Wickliffe City,104.52828830879103,0.6414220094781584,0.26382076336724275,1266
Princeton City,104.36837932103286,0.6269037474027392,0.2506648874451966,5744
Meigs Local,103.88554139931794,0.3948624919844696,0.07845253142184752,1585
Painesville City Local,101.75577991387632,0.5155633830299587,0.16537838908224195,2631
Willoughby-Eastlake City,101.62048002147756,0.6501746622971672,0.2913912973193954,6704
Springfield Local,101.39847883788467,0.5791804013226755,0.22202227455102796,3249
Westerville City,100.9651174257253,0.7115720217885048,0.3657469490176921,14161
Olentangy Local,100.73986077171469,0.8819717773863788,0.6013914686102072,22979
North Olmsted City,100.65512558491083,0.6649435380716314,0.31428993590984217,3450
Dublin City,99.32490343099207,0.8070346869259409,0.5076847239557719,16149
Brooklyn City,98.85846636613591,0.6167523752638003,0.2744440810747549,1026
Worthington City,98.85320472594759,0.7621362849947521,0.450211237916474,10564
Liberty Local,98.42244660623535,0.5253438327522285,0.18815142351400108,1162
Richmond Heights Local,98.20659551306241,0.5912108353539676,0.25201128967186615,790
Sidney City,97.40585092188391,0.5176898934885678,0.186172577993834,2988
Campbell City,96.91195757925232,0.4585657475188389,0.13926157700161157,1074
Urbana City,96.51720844473944,0.5095461330899279,0.18312659842508575,1733
Massillon City,96.26003329595073,0.5248082013708663,0.19820165236394308,4107
Windham Exempted Village,96.18085878679132,0.4865226751796618,0.1647073031887455,484
Mad River Local,95.02264128678611,0.53155393692685,0.21104573148221886,3719
Parma City,94.47969011916364,0.608659997765551,0.29617879318332424,8927
Fairport Harbor Exempted Village,92.4742378729632,0.5142720509413979,0.20804971530804062,558
Whitehall City,92.25181649826382,0.46009645961041395,0.15899337149111564,3344
Northwest Local,91.97343797164399,0.5594973538479732,0.25839423632579117,7827
Chillicothe City,90.98918128993044,0.43645922268513976,0.14415883681283634,2533
Newark City,90.67140170733464,0.4658016156723368,0.17116833661337924,5672
Groveport Madison Local,88.92634379422334,0.5035474867229414,0.2173912278946002,6210
Barberton City,88.38355557757677,0.4882648577057312,0.2047006669518627,3447
Hilliard City,88.26103377923285,0.6860694988746269,0.45876058836415634,16007
Warrensville Heights City,86.21013371754188,0.5233159043949419,0.25707298640295156,1856
West Carrollton City,86.18334614810865,0.517945406409111,0.2509818122640906,3246
Finneytown Local,86.16221722817426,0.5481990082965539,0.2875539816244806,1154
Sandusky City,86.14273586050255,0.45271720504901986,0.18108693053353528,3105
Huber Heights City,85.32458025862562,0.4966517314488537,0.23239481508139995,5798
Reading Community City,85.27643624599467,0.5250151766433673,0.2659079800043959,1403
South-Western City,84.38977134305142,0.5593362730009191,0.3167449984681094,21829
Ashtabula Area City,83.89268536997668,0.3815137969821875,0.12585755091230302,2791
St Bernard-Elmwood Place City,83.88583323298123,0.5167240397492192,0.26624038479026774,734
East Liverpool City,82.93712055215956,0.3805065944868236,0.12872972689668655,1937
Washington Local,81.97476028915467,0.5241073054429913,0.2909006273277388,6711
Fostoria City,81.64756607783656,0.46470014104370455,0.22010519163996703,1776
Warren City,81.2690939770629,0.4636967266062005,0.2214357278049327,4566
Shaker Heights City,80.860433289809,0.6658573144333154,0.5234015121793346,4420
South Euclid-Lyndhurst City,79.86985815475643,0.5473161929944432,0.34252927200123234,3125
Maple Heights City,79.48049466107034,0.4714803142545863,0.2432487468531309,2988
Marion City,79.40523322902784,0.3917459178878355,0.15472442040293147,4045
Norwood City,77.09089342710685,0.45378240271021575,0.23876216305686762,1670
Elyria City Schools,74.51699755946126,0.42320160942961743,0.21895500002637283,5673
Crestline Exempted Village,73.90037530194346,0.3840404568283295,0.17612560806951183,560
Mansfield City,72.39809460087423,0.41036591847641546,0.2179196726651028,3145
Middletown City,71.02496250146525,0.4059777396547634,0.22240530372429726,5720
Winton Woods City,70.54043124054252,0.43464648547695667,0.2664278253073942,3884
North College Hill City,70.41663227500044,0.31684468770846946,0.12247002273741896,1310
Cleveland Heights-University Heights City,67.70047627440397,0.498185204613713,0.404326354916273,4811
Bedford City,67.45303248829899,0.3916247084542314,0.23096553279495313,2740
Lima City,67.08394600908395,0.31028043379559084,0.1314248214779602,3306
Northridge Local,66.16867314618607,0.38753478026368654,0.2358822664165828,1649
Mt Healthy City,64.38535744459953,0.32382247547998566,0.16236409660832532,2770
Springfield City School District,54.91793107555966,0.3179657171335641,0.22942511942420948,7215
Akron City,54.39276245398021,0.4032017498402954,0.41123786983687244,19744
Lockland Local,53.561670218182336,0.2859348553042708,0.18821914628004677,464
Garfield Heights City Schools,52.029382277823956,0.33221297734074706,0.28999336902025313,2825
Youngstown City,51.023830655413164,0.2823944985480122,0.20562242633009842,4569
Trotwood-Madison City,50.70732777534228,0.25685179275814923,0.16527299919405816,2448
Euclid City,46.94306954804425,0.28005965332502586,0.24660584834578447,4432
Cincinnati Public Schools,46.77823012628306,0.378576726320665,0.5031080363538778,34761
Canton City,41.71191051879112,0.23267934113787736,0.2096034590519851,7650
East Cleveland City School District,41.30510232690022,0.2382616083938783,0.2273700504156183,1207
Toledo City,36.22012501017972,0.25101203437361136,0.35167050691097046,20901
Columbus City Schools District,28.401679442146893,0.2332820716507945,0.5203705989541159,44996
Dayton City,26.68108450226142,0.16910392834731983,0.2849392980470719,12523
Lorain City,25.784224080614592,0.1257463610400977,0.15030136678686148,6007
Cleveland Municipal,25.12743785626048,0.20381685299197297,0.5057096483377465,34598
Jefferson Township Local,11.375577708475843,0.054580896686159806,0.14425388177689358,251
